org_names,adr1,adr2,city,state,zip5,phone,n_rad_oncs,physicians,org_size,likely_freestanding,office_srvcs,facility_srvcs,office_share,rurality,rucc,fips,first_year,org_pac_ids,npis
APPALACHIAN MOUNTAINS MEDICAL LLC,454 MCDOWELL ST,,WELCH,WV,24801,3044368685,6,"DAVID WU, MD; JASON SMYTHE, MD; JENNIFER KOTTRA, MD; MICHAEL KHOURY, DO; ROBERT ORTEGA, MD; TASHFEEN EKRAM, MD",43.0,unknown,0.0,0.0,,,,,2025,6709016264,1477508935;1477538874;1477714087;1588616536;1730178781;1831361963
"METROHEALTH RADIATION ONCOLOGY GROUP, INC.",1785 CARR,SUITE 21,SAN JUAN,PR,00921,7877745555,3,"BETTY GIL MUNOZ, MD; MARISOL RODRIGUEZ HERNANDEZ, MD; ROBERTO SABATER, MD",4.0,unknown,0.0,0.0,,,,,2025,6507854254,1639153679;1962685800;1972587293
COOK RADIATION ONCOLOGY SC,2216 W THOMAS ST,,CHICAGO,IL,60622,3127702068,3,"ANUPAMA THAKRAR, MD; CHRISTIAN OLORTEGUI, MD; DONTHAMSETTI SESHAGIRIRAO, MD",6.0,unknown,0.0,0.0,,,,,2025,7517139074,1033564018;1396727608;1508819186
,399 REVOLUTION DR,SUITE 458,SOMERVILLE,MA,02145,,3,"AMY WISDOM, MD; BRYCE THOMSEN, MD; MINA BAKHTIAR, MD",,unknown,0.0,0.0,,,,,2026,,1275119612;1558948158;1881493187
,700 ACKERMAN RD,,COLUMBUS,OH,43202,,3,"KHALED DIBS, MD; QIAN ZHANG, MD; YOUNG KWON, MD",,unknown,0.0,0.0,,,,,2026,,1043548209;1053876656;1427636570
,PO BOX,,MINNEAPOLIS,MN,55486,,3,"LENNOX CHITSIKE, MD; LINDSAY HOWLETT, MD; TAYLOR WEISKITTEL",,unknown,0.0,0.0,,,,,2026,,1376338673;1558155259;1619771086
,PO BOX,,HOUSTON,TX,77210,,3,"ENOCH CHANG, MD; RAMEZ KOUZY, MD; STEPHANIE DUDZINSKI, MD",,unknown,0.0,0.0,,,,,2026,,1174198105;1619553013;1861079592
MARK E POMPER MD PA,1036 NW 1ST AVE,,HOMESTEAD,FL,33030,9547302333,2,"ALAN PERLMUTTER, MD; ROBIN SMITH, MD",4.0,unknown,0.0,0.0,,,,,2026,0547227787,1427118686;1831204221
SSM CARDINAL GLENNON CHILDREN'S HOSPITAL,1465 S GRAND BLVD,SSM CARDINAL GLENNON CHILDRENS HOS,SAINT LOUIS,MO,63104,3145775600,2,"GRACE MITCHELL, MD; KAY NORTH, DO",35.0,unknown,0.0,0.0,,,,,2025,7012828163,1295964666;1679503528
,1510 E HERNDON AVE,SUITE 310,FRESNO,CA,93720,,2,"ADAM BEIGHLEY, MD; VASEEM KHATRI, MD",,unknown,0.0,0.0,,,,,2026,,1508444134;1659959286
FOLSOM DERMATOLOGY,1745 CREEKSIDE DR,,FOLSOM,CA,95630,9169832302,2,"ROBERT SHARE, MD; TAPAN ROY, MD",6.0,unknown,0.0,0.0,,,,,2025,1052576493,1205831922;1932109337
,2 HOT MEAL ST,,PITTSBURGH,PA,15203,,2,"DOUGLAS JACKSON, MD; TIMOTEO ALMEIDA, MD",,unknown,0.0,0.0,,,,,2026,,1083479612;1265010425
,2004 HAYES ST,SUITE 800,NASHVILLE,TN,37203,,2,"ADAM HUBLER, MD; HAYDEN BYRD, MD",,unknown,0.0,0.0,,,,,2026,,1720668874;1992383335
CB ONCOLOGY PARTNERS LLC,20405 OLD CUTLER RD,,CUTLER BAY,FL,33189,3059461030,2,"JAIME LOZANO, MD; SERGUEI CASTANEDA",2.0,unknown,0.0,0.0,,,,,2025,7719235894,1346509460;1407883267
MEMORIAL HOSPITAL OF BOSCOBEL,205 PARKER ST,,BOSCOBEL,WI,53805,6083754112,2,"KEITH BAYNES, MD; ROSS CERNIGLIA, MD",33.0,unknown,0.0,0.0,,,,,2025,8325957673,1578640793;1598842742
CANCER CARE ASSOCIATES INC,225 E WASHINGTON AVE,,JONESBORO,AR,72401,8702078210,2,"KYUNG HAN, MD; MAHBUBA MEEM, MD",23.0,unknown,0.0,0.0,,,,,2026,2769637222,1457236093;1922118033
,29624 NETWORK PL,,CHICAGO,IL,60673,,2,"CASEY SHUMBERGER, MD; SCOT CALLAHAN",,unknown,0.0,0.0,,,,,2026,,1700527959;1942837109
MIAMI NEUROSCIENCE CENTER LLC,6129 SW 70 ST,,SOUTH MIAMI,FL,33143,7868716800,2,"ALFRED BRANDON, MD; ALLIE GARCIA SERRA, MD",10.0,unknown,0.0,0.0,,,,,2025,6901064112,1225025380;1760496160
GRUPO RADIOTERAPIA DEL NORTE,7 CARR,2 KM,MANATI,PR,00674,7876210021,2,"CARLOS CHEVERE, MD; JULIO DIAZ, MD",2.0,unknown,0.0,0.0,,,,,2025,9335154400,1023025285;1366459596
SAND LAKE CANCER CENTER,7301 STONEROCK CIR,SUITE 2,ORLANDO,FL,32819,4073511002,2,"DANIEL HALILI, MD; UZMA MALIK, MD",5.0,unknown,0.0,0.0,,,,,2025,2062434475,1366411480;1952362527
CENTRO DE CANCER DE LA UNIVERSIDAD,CENTRO MEDICO DE PR,PASEO JOSE CELSO BARBOSA,SAN JUAN,PR,00927,7877728300,2,"CARLOS CHEVERE, MD; JULIO DIAZ, MD",21.0,unknown,0.0,0.0,,,,,2025,7113220385,1023025285;1366459596
,PO BOX,SUITE 7309,NEW HAVEN,CT,06519,,2,"ALISA RYBKIN; KRUPA JANI, MD",,unknown,0.0,0.0,,,,,2026,,1508445008;1760061998
,PO BOX,,PHILADELPHIA,PA,19182,,2,"CASEY HOLLAWELL, MD; ZACHARY KISS, DO",,unknown,0.0,0.0,,,,,2026,,1689258626;1902485311
,1 BAYLOR PLZ,2GR900,Houston,TX,77030,,1,"TRAVIS LAMBERT, MD",,unknown,0.0,0.0,,,,,2026,,1497335145
OKLAHOMA CANCER AND BLOOD SPECIALISTS LLC,100 N 30TH ST,,CLINTON,OK,73601,4057520871,1,"HASSAN KALEEM, MD",12.0,unknown,0.0,0.0,,,,,2025,4981874849,1538315676
,100 PROVENA WAY,SUITE 102,BOURBONNAIS,IL,60914,8159372460,1,"LISA KLEPCZYK, MD",,unknown,0.0,0.0,,,,,2025,,1194986455
,10000 W INNOVATION DR,SUITE 300,MILWAUKEE,WI,53226,,1,ROHAN PATEL,,unknown,0.0,0.0,,,,,2026,,1326628942
"EDWARD H. SCHLAM M.D., P.A.; MARK E POMPER MD PA",10044 NW 1ST COURT,,PLANTATION,FL,33324,9547302333; 9547415600,1,"MARK POMPER, MD",4.0,unknown,0.0,0.0,,,,,2025,0446237457; 0547227787,1568469013
CANCER CARE NORTHWEST CENTERS P S,101 W 8TH AVE,RADIATION ONCOLOGY L3,SPOKANE,WA,99204,5092281000,1,"KYRA MCCOMAS, MD",40.0,unknown,0.0,0.0,,,,,2026,4688561939,1356978100
"SOUTHEAST PHYSICIAN NETWORK, P.C.",1023 MEDICAL CTR PKWY,SUITE 110,SELMA,AL,36701,3343754777,1,"MAYANK PATEL, MD",46.0,unknown,0.0,0.0,,,,,2026,0840337721,1811524556
,1041 W BADILLO ST,SUITE 103,COVINA,CA,91722,,1,"JESUS JUAREZ CASILLAS, MD",,unknown,0.0,0.0,,,,,2026,,1003496969
,10451 NW 117TH AVE,SUITE 200,MEDLEY,FL,33178,,1,"ARMANDO VERA, MD",,unknown,0.0,0.0,,,,,2026,,1447712187
,10465 BISHOP CIR,,CARMEL,IN,46032,,1,"CHRISTINE YANG, MD",,unknown,0.0,0.0,,,,,2026,,1699351288
UTAH VALLEY RADIOLOGY ASSOCIATES INC,1055 N 300,SUITE 308,PROVO,UT,84604,8013796700,1,"RYAN NIELSEN, MD",35.0,unknown,0.0,0.0,,,,,2025,1759286990,1821032863
LAREDO PHYSICIANS GROUP,10700 MCPHERSON RD,,LAREDO,TX,78045,9565233090,1,"TRIPTESH CHAUDHURY, MD",22.0,unknown,0.0,0.0,,,,,2025,1355582461,1548242720
,10850 WHITE ROCK RD,,RANCHO CORDOVA,CA,95670,,1,"CHARLES WANG, MD",,unknown,0.0,0.0,,,,,2026,,1710650411
BAMF HEALTH I PC,109 MICHIGAN ST NW,SUITE 200,GRAND RAPIDS,MI,49503,6163302522,1,"BRANDON MANCINI, MD",5.0,unknown,0.0,0.0,,,,,2025,7911394556,1366731838
,11 -25 CARR,SUITE 174,BAYAMON,PR,00959,7879932800,1,"PEDRO SERRANO-OJEDA, MD",,unknown,0.0,0.0,,,,,2025,,1720159247
"CENTRAL AVENUE PROFESSIONAL SERVICES, PC",111 CENTRAL AVE,,NEWARK,NJ,07102,9738775300,1,"SHRAVAN KAMBAM, MD",49.0,unknown,0.0,0.0,,,,,2025,7214258003,1124055272
,11100 WARNER AVE,SUITE 206,FOUNTAIN VALLEY,CA,92708,7149120020,1,"AJAY BHATNAGAR, MD",,unknown,0.0,0.0,,,,,2025,,1417161704
,11109 PARKVIEW PLAZA DR,SUITE 117,Fort Wayne,IN,46845,,1,WILLIAM ASSAD,,unknown,0.0,0.0,,,,,2026,,1043202245
,1120 N MELVIN ST,,GIBSON CITY,IL,60936,,1,"CASEY SHUMBERGER, MD",,unknown,0.0,0.0,,,,,2026,,1942837109
,1122 NE 13TH ST,,OKLAHOMA CITY,OK,73117,,1,"PATRICIA PIUS, MD",,unknown,0.0,0.0,,,,,2026,,1194399378
,11516 N PORT WASHINGTON RD,SUITE 107,MEQUON,WI,53092,,1,DANIEL HONG,,unknown,0.0,0.0,,,,,2026,,1124605548
,1201 GRAMPIAN BLVD,,WILLIAMSPORT,PA,17701,,1,"DOUGLAS JACKSON, MD",,unknown,0.0,0.0,,,,,2026,,1083479612
,124 SW ADAMS ST,,PEORIA,IL,61602,,1,MICHAEL GUTMAN,,unknown,0.0,0.0,,,,,2026,,1326622937
,125 MOUNTAIN DR,,MOUNTAIN VIEW,CA,94040,,1,RAMESH GADAM,,unknown,0.0,0.0,,,,,2026,,1679897284
,12811 BEAMER RD,,HOUSTON,TX,77089,7134741414,1,"MARK DANDREA, MD",,unknown,0.0,0.0,,,,,2025,,1326081993
,1300 W OAK ST,,KISSIMMEE,FL,34741,,1,"ETZER AUGUSTIN, MD",,unknown,0.0,0.0,,,,,2026,,1659866945
ORLANDO ORTHOPAEDIC CENTER MD PA,1300 OVIEDO MALL BLVD,,OVIEDO,FL,32765,4079773500,1,"EVAN THOMAS, MD",45.0,unknown,0.0,0.0,,,,,2026,3678562840,1447618350
SSM CARDINAL GLENNON CHILDREN'S HOSPITAL,13000 BUTLER CREST DR,,SAINT LOUIS,MO,63128,3148423535,1,"ERIN OPFER, DO",35.0,unknown,0.0,0.0,,,,,2026,7012828163,1790764124
FAR WEST PODIATRIC MEDICAL GROUP,13624 HAWTHORNE BLVD,SUITE 206,HAWTHORNE,CA,90250,3106750900,1,"JOHN SHUMWAY, MD",3.0,unknown,0.0,0.0,,,,,2026,5799168654,1265935027
,140 W 7TH ST,,COOKEVILLE,TN,38501,,1,"JAYDEN GRACIE, MD",,unknown,0.0,0.0,,,,,2026,,1306426101
,140 W GERMANTOWN PIKE,SUITE 250,PLYMOUTH MEETING,PA,19462,,1,"STEPHEN ARRIGO, MD",,unknown,0.0,0.0,,,,,2026,,1467496877
JACOB A MARDER DNP PA FLAGLER DERMATOLOGY,1411 N FLAGLER DR,SUITE 9000,WEST PALM BEACH,FL,33401,5615848460,1,"MARK POMPER, MD",2.0,unknown,0.0,0.0,,,,,2026,8820452394,1568469013
,1445 W CHANDLER BLVD,SUITE A5,CHANDLER,AZ,85224,9852718990,1,"AJAY BHATNAGAR, MD",,unknown,0.0,0.0,,,,,2025,,1417161704
,1501 NE MEDICAL CTR DR,,BEND,OR,97701,,1,"DEAN BUSBY, MD",,unknown,0.0,0.0,,,,,2026,,1932182342
,151 E WILSON ST APT,SUITE 205,MADISON,WI,53703,,1,SCOT CALLAHAN,,unknown,0.0,0.0,,,,,2026,,1700527959
,1517 HAZELMERE CT,,Bakersfield,CA,93311,,1,"JESUS JUAREZ CASILLAS, MD",,unknown,0.0,0.0,,,,,2026,,1003496969
,1530 E CHEVY CHASE DR,SUITE 203,GLENDALE,CA,91206,,1,"ARI KASSARDJIAN, MD",,unknown,0.0,0.0,,,,,2026,,1689200115
CLEARSOLUTIONS DERMATOLOGY GROUP,1537 SAVANNAH RD,SUITE A,LEWES,DE,19958,8774257756,1,"MARK POMPER, MD",4.0,unknown,0.0,0.0,,,,,2026,4981078953,1568469013
LINK MEDICAL INC,1555 RAMAR RD,,BULLHEAD CITY,AZ,86442,8335465633,1,"WINLOVE SUASIN, MD",7.0,unknown,0.0,0.0,,,,,2026,1759657604,1639281942
,1729 BILLINGSLEY RD,,SODDY DAISY,TN,37379,,1,"THOMAS HOWARD, MD",,unknown,0.0,0.0,,,,,2026,,1477130953
,18081 BURT ST,SUITE 200,ELKHORN,NE,68022,,1,"KURTIS JOHNSON, MD",,unknown,0.0,0.0,,,,,2026,,1730704701
SUN HEALTHCARE AND SURGERY GROUP INC,1815 ARNOLD DR,,MARTINEZ,CA,94553,9259798313,1,"JOHN SHUMWAY, MD",6.0,unknown,0.0,0.0,,,,,2026,8022390491,1265935027
SEVA PAIN AND WELLNESS,1850 LAKEPOINTE DR,SUITE 700,LEWISVILLE,TX,75057,2143064116,1,"KEERTHI PRASAD, MD",15.0,unknown,0.0,0.0,,,,,2026,8820328719,1043518186
HIGHER DIMENSIONS OF HEALING LLC,1950 COLLEGE PKWY,SUITE 102,CARSON CITY,NV,89706,4152250655,1,"LOGAN MARCUS, MD",3.0,unknown,0.0,0.0,,,,,2026,0941740351,1518353887
,2 ALLEGHENY CTR,SUITE 530,PITTSBURGH,PA,15212,,1,"PAVNESH KUMAR, MD",,unknown,0.0,0.0,,,,,2026,,1154992295
,2 BRIGHTON RD,SUITE 300,CLIFTON,NJ,07012,,1,"LAMIAA ABDALLAH, MD",,unknown,0.0,0.0,,,,,2026,,1770105728
"METROHEALTH RADIATION ONCOLOGY GROUP, INC.",2 CARR,,AGUADILLA,PR,00605,7876585555,1,"EDWIN RODRIGUEZ APONTE, MD",4.0,unknown,0.0,0.0,,,,,2025,6507854254,1326081563
CANCER SPECIALISTS LLC,2 SHIRCLIFF WAY,MARY VIRGINIA TERRY CANCER CENTER,JACKSONVILLE,FL,32204,9043882619,1,"SAMER SALAMEKH, MD",46.0,unknown,0.0,0.0,,,,,2025,9133377948,1194266544
,2001 21ST AVE S,APT 207,NASHVILLE,TN,37212,,1,"JAYDEN GRACIE, MD",,unknown,0.0,0.0,,,,,2026,,1306426101
,2001 THE EMBARCADERO,SUITE 1500,SAN FRANCISCO,CA,94143,,1,"NICHOLAS EUSTACE, MD",,unknown,0.0,0.0,,,,,2026,,1285210831
STEPHEN WILLIAM DOGGETT MD PA,21137 SR 410,SUITE I,BONNEY LAKE,WA,98391,9494904819,1,"NICHOLAS MUFF, MD",5.0,unknown,0.0,0.0,,,,,2026,9830235217,1740372861
,216 14TH AVE SW,,SIDNEY,MT,59270,,1,"VLADIMIR VALAKH, MD",,unknown,0.0,0.0,,,,,2026,,1770815664
,218 WASHINGTON AVE,APT C5,CEDARHURST,NY,11516,,1,"MICHAEL KARP, MD",,unknown,0.0,0.0,,,,,2026,,1396308284
,22 NORMANDY PKWY,,MORRISTOWN,NJ,07960,9739511225,1,"ROBERT COLE, MD",,unknown,0.0,0.0,,,,,2025,,1043482342
,231 OAKWOOD CT,,Winston Salem,NC,27103,,1,"ARIEL CHOI, MD",,unknown,0.0,0.0,,,,,2026,,1366018491
,2335 CARACAS ST,,LA CRESCENTA,CA,91214,,1,"CHRISTINE YANG, MD",,unknown,0.0,0.0,,,,,2026,,1699351288
,2675 N DECATUR RD,SUITE G09,DECATUR,GA,30033,4045016925,1,"TOSHA BALFOUR, MD",,unknown,0.0,0.0,,,,,2025,,1184608838
MY MD INC,2680 N SANTIAGO BLVD,SUITE 100,ORANGE,CA,92867,7143566105,1,"FAISAL AHMED, MD",7.0,unknown,0.0,0.0,,,,,2025,1759699499,1427314855
ORLANDO ORTHOPAEDIC CENTER MD PA,2699 LEE RD,SUITE 100,WINTER PARK,FL,32789,4078971363,1,"EVAN THOMAS, MD",45.0,unknown,0.0,0.0,,,,,2026,3678562840,1447618350
,2758 MIDDLE COUNTRY RD,,LAKE GROVE,NY,11755,,1,"BHARGAVA CHITTI, MD",,unknown,0.0,0.0,,,,,2026,,1144842071
UTAH VALLEY RADIOLOGY ASSOCIATES INC,280 RIVER PARK DR,SUITE 120,PROVO,UT,84604,8012292011,1,"RYAN NIELSEN, MD",35.0,unknown,0.0,0.0,,,,,2025,1759286990,1821032863
,281 LINCOLN ST,,WORCESTER,MA,01605,,1,"YIRONG LIU, MD",,unknown,0.0,0.0,,,,,2025,,1881263937
STEPHEN WILLIAM DOGGETT MD PA,296 COTTAGE AVE,,MANTECA,CA,95336,2092392901,1,"NICHOLAS MUFF, MD",5.0,unknown,0.0,0.0,,,,,2026,9830235217,1740372861
,297 N ST,SUITE 221,HYANNIS,MA,02601,,1,"JOHN ROUBIL, MD",,unknown,0.0,0.0,,,,,2026,,1053990648
GOMELB VASCULAR LLC,3 PARK PL,SUITE A,SWANSEA,IL,62226,3142552204,1,"OLAGUOKE AKINWANDE, MD",4.0,unknown,0.0,0.0,,,,,2025,2668713884,1235362252
,30 LAWRENCE RD,,BROOMALL,PA,19008,,1,"STEPHEN ARRIGO, MD",,unknown,0.0,0.0,,,,,2025,,1467496877
COCHISE ONCOLOGY LLC,300 EL CAMINO REAL,,SIERRA VISTA,AZ,85635,5204584641,1,"JANET NETTLETON, MD",6.0,unknown,0.0,0.0,,,,,2025,2567474083,1285698720
"ALABAMA CANCER CARE, LLC",300 SAINT LUKES DR,,MONTGOMERY,AL,36117,3342738877,1,"MAYANK PATEL, MD",20.0,unknown,0.0,0.0,,,,,2025,1456477645,1811524556
,3001 SAINT ROSE PKWY,,HENDERSON,NV,89052,7026165000,1,"AJAY BHATNAGAR, MD",,unknown,0.0,0.0,,,,,2025,,1417161704
UTAH VALLEY RADIOLOGY ASSOCIATES INC,306 RIVER BEND LN,,PROVO,UT,84604,8012265800,1,"RYAN NIELSEN, MD",35.0,unknown,0.0,0.0,,,,,2025,1759286990,1821032863
DAYTON PHYSICIANS LLC,3120 GOVERNORS PLACE BLVD,,KETTERING,OH,45409,9372931622,1,"DAVID ARSANIOUS, MD",40.0,unknown,0.0,0.0,,,,,2026,1456374859,1427551290
,3142 ARROW LN,,CLARKSVILLE,TN,37043,,1,"THOMAS HOWARD, MD",,unknown,0.0,0.0,,,,,2026,,1477130953
DERMATOLOGY AND LASER CENTER OF SAN DIEGO,319 F ST,SUITE 102,CHULA VISTA,CA,91910,,1,"BRYAN LEIGH, DO",9.0,unknown,0.0,0.0,,,,,2025,5395748669,1407272669
,32 -36 CENTRAL AVE,,WELLSBORO,PA,16901,,1,"DOUGLAS JACKSON, MD",,unknown,0.0,0.0,,,,,2026,,1083479612
,322 22ND AVE N,,NASHVILLE,TN,37203,,1,"DULCE BARRIOS, MD",,unknown,0.0,0.0,,,,,2026,,1477132157
,3405 BETHLEHEM RD,,LUFKIN,TX,75904,,1,ROBERT WILSON,,unknown,0.0,0.0,,,,,2026,,1740868256
"UNIVERSITY RADIATION ONCOLOGY ASSOCIATES, INC.",355 W 16TH ST,,INDIANAPOLIS,IN,46202,3179623172,1,"KEVIN SHIUE, MD",15.0,unknown,0.0,0.0,,,,,2025,6507831856,1003228545
,355 AVE FONT MARTELO,,HUMACAO,PR,00791,7878480800,1,"CARLOS REMEDIOS CARBONE, MD",,unknown,0.0,0.0,,,,,2026,,1164596771
,35800 BOB HOPE DR,SUITE 215,RANCHO MIRAGE,CA,92270,7605364400,1,"DAVID SCHREIBER, MD",,unknown,0.0,0.0,,,,,2025,,1154314227
,374 STOCKHOLM ST,SUITE C08,BROOKLYN,NY,11237,7189637381,1,"MOUNZER TCHELEBI, MD",,unknown,0.0,0.0,,,,,2025,,1639152960
SSM CARDINAL GLENNON CHILDREN'S HOSPITAL,3878 PERSHALL RD,,SAINT LOUIS,MO,63135,3143446021,1,"JASON TOBLER, MD",35.0,unknown,0.0,0.0,,,,,2026,7012828163,1538305362
,3901 GREENSBORO AVE,SUITE A,TUSCALOOSA,AL,35405,,1,"ROMAN TRAVIS, MD",,unknown,0.0,0.0,,,,,2026,,1306426465
MARK E POMPER MD PA,3920 NW 49TH ST,,TAMARAC,FL,33309,9547302333,1,"DAVID BOWER, MD",4.0,unknown,0.0,0.0,,,,,2025,0547227787,1215433040
,400 KELBY ST,FL 9,FORT LEE,NJ,07024,,1,AISHWARYA SHAH,,unknown,0.0,0.0,,,,,2026,,1750965125
,405 CRANFORD WAY,,CRANBERRY TOWNSHIP,PA,16066,,1,"FADY SOURIAL, DO",,unknown,0.0,0.0,,,,,2026,,1437688900
DERMATOLOGY AND LASER CENTER OF SAN DIEGO,4060 4TH AVE,SUITE 209,SAN DIEGO,CA,92103,6192989535,1,"BRYAN LEIGH, DO",9.0,unknown,0.0,0.0,,,,,2025,5395748669,1407272669
,4450 VOYAGEUR WAY,,Carmel,IN,46074,,1,"ABASS CONTEH, MD",,unknown,0.0,0.0,,,,,2026,,1841879673
,5 1ST VILLAGE DR,,PINEHURST,NC,28374,9104989246,1,"AJAY BHATNAGAR, MD",,unknown,0.0,0.0,,,,,2026,,1417161704
,500 W JEFFERSON ST,,LOUISVILLE,KY,40202,,1,"DOUGLAS JACKSON, MD",,unknown,0.0,0.0,,,,,2026,,1083479612
,5000 PARK ST N,SUITE 1017,ST PETERSBURG,FL,33709,,1,"FADY SOURIAL, DO",,unknown,0.0,0.0,,,,,2026,,1437688900
,523 CHIMNEY SWEEP HILL RD,,GLASTONBURY,CT,06033,,1,"JOSHUA DOYLE, MD",,unknown,0.0,0.0,,,,,2026,,1306316625
CENTRACARE HEALTH SYSTEM - MELROSE,525 MAIN ST W,,MELROSE,MN,56352,3202564231,1,"MEGAN HODGES, MD",38.0,unknown,0.0,0.0,,,,,2026,1658270368,1831535863
SAINT FRANCIS MEDICAL CENTER,530 NE GLEN OAK AVE,NEUROLOGY,PEORIA,IL,61637,3096552000,1,"SALMAN SYED, MD",18.0,unknown,0.0,0.0,,,,,2026,9032021258,1942763172
,5301 FARAON ST,SUITE 120,SAINT JOSEPH,MO,64506,,1,RAMESH GADAM,,unknown,0.0,0.0,,,,,2026,,1679897284
CHALLAPALLI CARDIOLOGY PC,5375 RENO CORPORATE DR,,RENO,NV,89511,7753841134,1,"MADHU CHALLAPALLI, MD",8.0,unknown,0.0,0.0,,,,,2026,1456723162,1609847029
,55 CALLE ANTONIO LOPEZ S,,HUMACAO,PR,00791,7877192301,1,"CARLOS REMEDIOS CARBONE, MD",,unknown,0.0,0.0,,,,,2025,,1164596771
,5501 S MCCOLL RD,,EDINBURG,TX,78539,,1,"JASON BURTON, MD",,unknown,0.0,0.0,,,,,2026,,1912584954
STEPHEN WILLIAM DOGGETT MD PA,573 WPUTNAM AVE,,PORTERVILLE,CA,93257,7145739500714573,1,"BRYAN LEIGH, DO",5.0,unknown,0.0,0.0,,,,,2025,9830235217,1407272669
,5767 W CENTURY BLVD,SUITE 400,LOS ANGELES,CA,90045,,1,"JESUS JUAREZ CASILLAS, MD",,unknown,0.0,0.0,,,,,2025,,1003496969
,5777 DEPT,,CAROL STREAM,IL,60122,,1,MICHAEL GUTMAN,,unknown,0.0,0.0,,,,,2026,,1326622937
,600 IVY ST,SUITE 206,ELMIRA,NY,14905,,1,"BETHEL ADEFRES, MD",,unknown,0.0,0.0,,,,,2026,,1376112607
,6029 OLD KINGS RD,,PALM COAST,FL,32137,9013011942,1,"JOHNNY BERNARD, MD",,unknown,0.0,0.0,,,,,2025,,1972510493
,6100 W 96TH ST,SUITE 125,INDIANAPOLIS,IN,46278,,1,"ABASS CONTEH, MD",,unknown,0.0,0.0,,,,,2026,,1841879673
,6116 E ARBOR AVE,SUITE 108,MESA,AZ,85206,4803604009,1,"AJAY BHATNAGAR, MD",,unknown,0.0,0.0,,,,,2025,,1417161704
,6219 S 106TH ST,,Omaha,NE,68127,,1,"KURTIS JOHNSON, MD",,unknown,0.0,0.0,,,,,2026,,1730704701
,633 3RD AVE,,NEW YORK,NY,10017,,1,"EDWARD CHRISTOPHER DEE, MD",,unknown,0.0,0.0,,,,,2026,,1568041937
ORLANDO ORTHOPAEDIC CENTER MD PA,6424 ALEXANDRA LOUISE DR,SUITE 200,ORLANDO,FL,32827,4074180582,1,"EVAN THOMAS, MD",45.0,unknown,0.0,0.0,,,,,2026,3678562840,1447618350
,6619 BROTHERHOOD WAY,,FORT WAYNE,IN,46825,,1,"XIAOFENG CHEN, MD",,unknown,0.0,0.0,,,,,2026,,1366021461
,71207 HWY 21,,COVINGTON,LA,70433,9852718990,1,"AJAY BHATNAGAR, MD",,unknown,0.0,0.0,,,,,2026,,1417161704
,749 UNIVERSITY ROW,SUITE 200,MADISON,WI,53705,,1,SCOT CALLAHAN,,unknown,0.0,0.0,,,,,2026,,1700527959
,7867 N KENDALL DR,CYBERKNIFE CENTER OF MIAMI SUITE 105,MIAMI,FL,33156,3052792900,1,"MARK POMPER, MD",,unknown,0.0,0.0,,,,,2025,,1568469013
,8055 MAYFIELD RD,,CHESTERLAND,OH,44026,,1,"SHUHUA ZHENG, DO",,unknown,0.0,0.0,,,,,2026,,1760062897
,825 S 169TH ST,,OMAHA,NE,68118,,1,"KURTIS JOHNSON, MD",,unknown,0.0,0.0,,,,,2026,,1730704701
,847 NE 19TH AVE,SUITE 300,PORTLAND,OR,97232,,1,"MARKA CRITTENDEN, MD",,unknown,0.0,0.0,,,,,2026,,1619187143
,850 REPUBLICAN ST,SUITE 358047,Seattle,WA,98109,,1,"MARYAM EBADI, MD",,unknown,0.0,0.0,,,,,2026,,1063083327
ARTHRITIS STRATEGIES OF TEXAS PLLC,8611 HILLCREST AVE,SUITE 200B,DALLAS,TX,75225,2148129770,1,"KEERTHI PRASAD, MD",5.0,unknown,0.0,0.0,,,,,2025,5395048185,1043518186
,870 VOLKMAN RD,,Evansville,IN,47725,,1,RAMESH GADAM,,unknown,0.0,0.0,,,,,2026,,1679897284
RADIOLOGY ASSOCIATES OF CANTON INC,875 8TH ST NE,,MASSILLON,OH,44646,3308328761,1,"COLLEEN MORRIS, MD",35.0,unknown,0.0,0.0,,,,,2025,7012829260,1740589225
,900 HOPE WAY,,ALTAMONTE SPRINGS,FL,32714,,1,"ETZER AUGUSTIN, MD",,unknown,0.0,0.0,,,,,2026,,1659866945
CANCER PARTNERS OF NEBRASKA PC,909 22ND AVE,,KEARNEY,NE,68845,4024207000,1,"JUSTIN BURR, MD",30.0,unknown,0.0,0.0,,,,,2026,9436148426,1104441443
THOMAS DERMATOLOGY,9097 W POST RD,SUITE 100,LAS VEGAS,NV,89148,7024305333,1,"ANITA POMERANTZ, MD",35.0,unknown,0.0,0.0,,,,,2025,9830277136,1215937370
,9506 NE 141ST PL,,KIRKLAND,WA,98034,,1,"MARYAM EBADI, MD",,unknown,0.0,0.0,,,,,2026,,1063083327
,960 MASSACHUSETTS AVE,SUITE 2,BOSTON,MA,02118,,1,"GEOFFREY SEDOR, MD",,unknown,0.0,0.0,,,,,2026,,1770162042
,9640 SW 49TH AVE,,PORTLAND,OR,97219,,1,"CYMON KERSCH, MD",,unknown,0.0,0.0,,,,,2026,,1023684735
VALLEY FOOT AND ANKLE SPECIALTY PROVIDERS INC,988 N TEMPERANCE AVE,,CLOVIS,CA,93611,5994364820,1,"JOHN SHUMWAY, MD",6.0,unknown,0.0,0.0,,,,,2026,6406390731,1265935027
,CARR 10 KM,,ARECIBO,PR,00612,7876506070,1,"EDWIN RODRIGUEZ APONTE, MD",,unknown,0.0,0.0,,,,,2026,,1326081563
,CARR 349 KM,SUITE 7,MAYAGUEZ,PR,00680,7876526004,1,"CARLOS REMEDIOS CARBONE, MD",,unknown,0.0,0.0,,,,,2026,,1164596771
,CARR 349 KM,SUITE 7,MAYAGUEZ,PR,00681,,1,"CARLOS REMEDIOS CARBONE, MD",,unknown,0.0,0.0,,,,,2026,,1164596771
,FILE,SUITE 57326,LOS ANGELES,CA,90074,,1,"MEGAN ORR, MD",,unknown,0.0,0.0,,,,,2026,,1104405331
,PO BOX,,BOSTON,MA,02241,,1,"YIRONG LIU, MD",,unknown,0.0,0.0,,,,,2026,,1881263937
,PO BOX,SUITE 1962,BRATTLEBORO,VT,05302,,1,"JOSHUA DOYLE, MD",,unknown,0.0,0.0,,,,,2026,,1306316625
,PO BOX,SUITE 24,WHITESBORO,NY,13492,,1,"MICHAEL KARP, MD",,unknown,0.0,0.0,,,,,2026,,1396308284
,PO BOX,SUITE 689,BOALSBURG,PA,16827,,1,"STEPHEN ARRIGO, MD",,unknown,0.0,0.0,,,,,2026,,1467496877
,PO BOX,SUITE 780,Morgantown,WV,26507,,1,"MARKUS WELLS, MD",,unknown,0.0,0.0,,,,,2026,,1407435928
,PO BOX,SUITE 110566,DURHAM,NC,27709,,1,"DOMINIC LABELLA, MD",,unknown,0.0,0.0,,,,,2026,,1689256364
,PO BOX,SUITE 670747,MARIETTA,GA,30066,,1,"JACOB OYENIYI, MD",,unknown,0.0,0.0,,,,,2026,,1225600182
,PO BOX,,ATLANTA,GA,31193,,1,"VASEEM KHATRI, MD",,unknown,0.0,0.0,,,,,2026,,1508444134
,PO BOX,,CHICAGO,IL,60689,,1,"THOMAS HOWARD, MD",,unknown,0.0,0.0,,,,,2026,,1477130953
,PO BOX,SUITE 749,PHARR,TX,78577,,1,"JASON BURTON, MD",,unknown,0.0,0.0,,,,,2026,,1912584954
,PO BOX,SUITE 110429,AURORA,CO,80042,,1,"IAN BOOR, MD",,unknown,0.0,0.0,,,,,2026,,1396373999
,PO BOX,,LOS ANGELES,CA,90084,,1,"ADAM BEIGHLEY, MD",,unknown,0.0,0.0,,,,,2026,,1659959286
,PO BOX,SUITE 888794,LOS ANGELES,CA,90088,,1,"ARI KASSARDJIAN, MD",,unknown,0.0,0.0,,,,,2026,,1689200115
,PO BOX,SUITE 10297,BAKERSFIELD,CA,93389,,1,"JESUS JUAREZ CASILLAS, MD",,unknown,0.0,0.0,,,,,2026,,1003496969
,PO,,PHILADELPHIA,PA,19195,,1,"MICHAEL KARP, MD",,unknown,0.0,0.0,,,,,2026,,1396308284
COASTAL CANCER CENTER LLC,4708 OLEANDER DR,,MYRTLE BEACH,SC,29577,8434499415,4,"DAVID ZAENGER, MD; PATRICK FRANCKE, MD; SAMUEL ANDERSEN, MD; STEPHEN ANDREWS, MD",22.0,yes (office billing),15859.0,0.0,1.0,,,,2025,1456265503,1245593235;1568444529;1609873785;1942769997
COASTAL CANCER CENTER LLC,4600 WILD IRIS DR,,MYRTLE BEACH,SC,29577,8434499415,3,"DAVID ZAENGER, MD; PATRICK FRANCKE, MD; STEPHEN ANDREWS, MD",22.0,yes (office billing),15811.0,0.0,1.0,,,,2026,1456265503,1245593235;1568444529;1609873785
COASTAL CANCER CENTER LLC,8059 MYRTLE TRACE DR,,CONWAY,SC,29526,8432345504,3,"DAVID ZAENGER, MD; PATRICK FRANCKE, MD; STEPHEN ANDREWS, MD",22.0,yes (office billing),15811.0,0.0,1.0,,,,2025,1456265503,1245593235;1568444529;1609873785
COASTAL CANCER CENTER LLC,8121 ROURK ST,,MYRTLE BEACH,SC,29572,8436925000,3,"DAVID ZAENGER, MD; PATRICK FRANCKE, MD; STEPHEN ANDREWS, MD",22.0,yes (office billing),15811.0,0.0,1.0,,,,2025,1456265503,1245593235;1568444529;1609873785
"NORMAN H. ANDERSON, MD, PA",2020 SE 17TH ST,,OCALA,FL,34471,3527320277,7,"AUDREY WALLACE, MD; CHARLES BENNETT, MD; GUY BUCY, MD; HERMAN FLINK, MD; NORMAN ANDERSON, MD; ROBERT PURDON, MD; TIMOTHY BRANT, MD",10.0,yes (office billing),8574.0,0.0,1.0,,,,2025,0749271112,1316997307;1396185666;1467454330;1609824432;1639127095;1659329001;1992798763
FLORIDA PHYSICIAN SPECIALISTS LLC,7017 A C SKINNER PKWY,,JACKSONVILLE,FL,32256,9044832310,2,"JAMIE CESARETTI, MD; MITCHELL TERK, MD",37.0,yes (office billing),8527.0,0.0,1.0,,,,2025,4486806213,1366409021;1669444725
SOUTH CAROLINA ONCOLOGY ASSOC PA,166 STONERIDGE DR,,COLUMBIA,SC,29210,8034613000,4,"BRANDON STONE, MD; KEVIN BLAS, MD; KURT MEYER, MD; LEONID ZAMDBORG",18.0,yes (office billing),7706.0,0.0,1.0,,,,2025,6103739024,1376855981;1467899534;1568725810;1962799452
ADVOCATE RADIATION ONCOLOGY LLC,8625 COLLIER BLVD,UNIT 102,NAPLES,FL,34114,2394290400,2,"ARIEL POLLOCK, MD; MICHAEL HANUS, MD",21.0,yes (office billing),7690.0,0.0,1.0,,,,2025,1658613096,1356848493;1639172588
"OKLAHOMA CANCER SPECIALISTS AND RESEARCH INSTITUTE, LLC",12697 E 51ST ST,,TULSA,OK,74146,9185053200,4,"GRENVILLE JONES, MD; JOSHUA GARREN, MD; LESLIE YONEMOTO, MD; MYKHANH NGUYEN, MD",47.0,yes (office billing),7416.0,0.0,1.0,,,,2025,0042513558,1336235456;1437215886;1508820606;1710082672
SOUTHERN UROLOGY LLC,120 RUE LOUIS XIV,,LAFAYETTE,LA,70508,3376001678,1,"JAMES RUSSO, MD",27.0,yes (office billing),7317.0,0.0,1.0,,,,2025,5597833772,1376700591
SOUTHERN UROLOGY LLC,1926 S UNION ST,,OPELOUSAS,LA,70570,3375944025,1,"JAMES RUSSO, MD",27.0,yes (office billing),7317.0,0.0,1.0,,,,2026,5597833772,1376700591
"ST. ELIZABETH-MARY BIRD PERKINS CANCER CENTER, L.L.C.",1104 W HWY 30,,GONZALES,LA,70737,2252151321,8,"ANDREW ELSON, MD; CHARLES WOOD, MD; GREGORY HENKELMANN, MD; JINGYA WANG, MD; KONSTANTIN KOVTUN, MD; MAURICE KING, MD; MICHAEL DZEDA, MD",10.0,yes (office billing),6849.0,271.0,0.9619382022471911,,,,2025,8628222551,1174765192;1194817411;1528406832;1629497888;1639264237;1649596107;1659318129;1740346543
AMERICAN ONCOLOGIC ASSOCIATES OF MICHIGAN PC,70 FULTON ST,,PONTIAC,MI,48341,2483380300,7,"AHMED EZZ, MD; ALVARO MARTINEZ, MD; JOHN ANTONUCCI, MD; KAY MILLER, MD; LARRY KESTIN, MD; MICHAEL GHILEZAN, MD; SIMUL PARIKH, MD",9.0,yes (office billing),6769.0,72.0,0.9894752229206256,,,,2025,3577558980,1073572434;1104890623;1164481859;1184684136;1407843774;1619181369;1679767768
PARAGON CHICO MEDICAL GROUP INC,1700 ESPLANADE,,CHICO,CA,95926,5306915920,3,"MATTHEW ALLEN, MD; THEODORE MASEK, MD; THOMAS GUERRERO, MD",10.0,yes (office billing),6581.0,267.0,0.9610105140186916,,,,2025,2668807785,1235301714;1720073935;1932281334
"ARKANSAS UROLOGY, P.A.",1300 CENTERVIEW DR,,LITTLE ROCK,AR,72211,5012198900,1,"JACK WANG, MD",39.0,yes (office billing),6544.0,0.0,1.0,,,,2025,4082502547,1740272368
"ARKANSAS UROLOGY, P.A.",2504 W MAIN ST,SUITE A,RUSSELLVILLE,AR,72801,5012198900,1,"JACK WANG, MD",39.0,yes (office billing),6544.0,0.0,1.0,,,,2026,4082502547,1740272368
"ARKANSAS UROLOGY, P.A.",801 S BOWMAN RD,4 ARKANSAS UROLOGY MENS HEALTH,LITTLE ROCK,AR,72211,5012463423,1,"JACK WANG, MD",39.0,yes (office billing),6544.0,0.0,1.0,,,,2026,4082502547,1740272368
"ASSOCIATES IN RADIATION MEDICINE, PC",11340 PEMBROOKE SQ,SUITE 201,WALDORF,MD,20603,3017055802,9,"ANEESH PIRLAMARLA, MD; BEANT GILL, MD; HEATHER LEE, MD; JACQUELYN DUNMORE-GRIFFITH, MD; JOHN MANSUETI, MD; KATHLEEN SETTLE-LADONNA, MD; LAURIE HERSCHER, MD; MATTHEW SNYDER, MD; WILLIAM WOODS, MD",12.0,yes (office billing),6489.0,188.0,0.9718436423543507,,,,2025,6204826332,1275561011;1518001163;1518922459;1659831949;1699776955;1720018682;1750473856;1770874513;1831166487
SHORE POINT MEDICAL ASSOCIATES LLC,900 ROUTE 70 E,SUITE 2A,LAKEWOOD,NJ,08701,7329017314,2,"HEMANGINI SHAH; MICHAEL MARCHESE, MD",2.0,yes (office billing),6349.0,0.0,1.0,,,,2025,9335182658,1336162015;1790768125
SARASOTA COUNTY PUBLIC HOSPITAL DISTRICT,5370 UNIVERSITY PKWY,,SARASOTA,FL,34243,9419171981,4,"JOHN BOLLINGER, MD; KUNAL SAIGAL, MD; MATTHEW BIAGIOLI, MD; REEMA ISHTEIWY, MD",4.0,yes (office billing),6253.0,188.0,0.9708119857165036,,,,2025,8921015280,1003444340;1073772067;1174793541;1255359956
CANCER CARE NORTHWEST CENTERS P S,1204 N VERCLER RD,,SPOKANE,WA,99216,5092281000,8,"AARON WAGNER, MD; CHRISTOPHER LEE, MD; CORBIN JACOBS, MD; GARY VAN HEUVELEN, MD; MICHAEL KOS, MD; PAULA SCHOMBERG, MD; SUSAN LAING, MD; WAYNE LAMOREAUX, MD",40.0,yes (office billing),6220.0,43.0,0.993134280696152,,,,2025,4688561939,1043266810;1164414785;1245218536;1366599631;1629060256;1831188036;1831424365;1982099412
BISMARCK CANCER CENTER,500 N 8TH ST,,BISMARCK,ND,58501,7012226100,4,"COLE KREOFSKY, MD; JOHN WATKINS, MD; JOON LEE, MD; ROBERT REYNOLDS, MD",5.0,yes (office billing),6200.0,0.0,1.0,,,,2025,3779542238,1285868968;1396164208;1497021158;1558450841
VIDANT RADIATION ONCOLOGY LLC,212 SMITH CHURCH RD,,ROANOKE RAPIDS,NC,27870,2525371717,4,"ANDREJ HNATOV, MD; ANDREW JU, MD; HYDER ARASTU, MD; MICHAEL SORENSEN, MD",8.0,yes (office billing),6041.0,308.0,0.9514884233737596,,,,2025,2567768021,1235394081;1659377372;1720022742;1821093006
CANCER CARE NORTHWEST CENTERS P S,1440 E MULLAN AVE,,POST FALLS,ID,83854,5092281000,7,"CHRISTOPHER LEE, MD; CORBIN JACOBS, MD; GARY VAN HEUVELEN, MD; JON GRIFFITH, MD; ORLAN MACDONALD, MD; STEPHEN THATCHER, MD; SUSAN LAING, MD",40.0,yes (office billing),5897.0,22.0,0.9962831559385031,,,,2025,4688561939,1043266810;1164414785;1356333959;1629060256;1760543755;1851628077;1982099412
UNIVERSITY OF MARYLAND RADIATION ONCOLOGY ASSOCIATES PA,22 S GREEN ST,,BALTIMORE,MD,21201,4103286080,27,"AKSHAR PATEL, MD; ASHRAF YOUSSEF, MD; DAN KUNAPRAYOON, MD; ELIZABETH NICHOLS, MD; JACK HONG, MD; JASON CITRON, MD; JASON MOLITORIS, MD; KAMILA NOWAK CHOI, MD; KEARA ENGLISH, MD; MARK MISHRA, MD; MATTHEW FERRIS, MD; MELISSA VYFHUIS, MD; MEREDITH WERNICK, MD; MICHAEL KIM, MD; PHILIP MCDONAGH, MD; PHUOC TRAN, MD; PRADIP AMIN, MD; SALLY CHESTON, MD; SAMIR KANANI, MD; SARA DUDLEY, MD; SARAH MCAVOY, MD; TALYA LAUFER, MD; VINITA PATANAPHAN, MD; WENDLA CITRON, MD; WILLIAM REGINE, MD; YOUNG KWOK, MD; ZAKER RANA, MD",35.0,yes (office billing),5821.0,2052.0,0.7393623777467293,,,,2025,6406845544,1003308412;1033186085;1043449762;1043589880;1104213578;1104831957;1144549015;1215941901;1215961727;1265851323;1265876973;1356323570;1376739037;1396903761;1467719740;1477588846;1558336719;1568476745;1609496181;1639708217;1720386469;1770586810;1790932630;1801214689;1821083064;1841979333;1902199391
"COASTAL RADIATION ONCOLOGY MEDICAL GROUP, INC.",1069 LOS PALOS DR,,SALINAS,CA,93901,8317582724,4,"JACOB ANDRADE, MD; JEFFREY WU, MD; JONATHAN ABELSON, MD; KENNETH BIEHL, MD",11.0,yes (office billing),5779.0,0.0,1.0,,,,2025,7214946201,1336331289;1659630044;1730348053;1871702233
HOUSTON METRO UROLOGY,4223 RICHMOND AVE,SUITE 200,HOUSTON,TX,77027,7136344477,2,"DANIEL GARLITOS, MD; THANH VAN, MD",31.0,yes (office billing),5552.0,109.0,0.9807454513336866,,,,2025,3971508235,1386629574;1548252430
CANCER SPECIALISTS LLC,7015 A C SKINNER PKWY,BLDG 100,JACKSONVILLE,FL,32256,9045163737,4,"BRIAN DEEGAN, MD; JESSICA BAHARI-KASHANI, MD; RICHARD CASSIDY, MD; WASEET VANCE, MD",46.0,yes (office billing),5529.0,0.0,1.0,,,,2025,9133377948,1225298631;1427391861;1477703031;1639513757
NORTHEAST LOUISIANA RADIATION ONCOLOGY,411 CALYPSO ST,,MONROE,LA,71201,3189661900,2,"ROSS BLAND, MD; WILLIAM ZOLLINGER, MD",2.0,yes (office billing),5459.0,0.0,1.0,,,,2025,4981746385,1437442472;1952402042
NORTHEAST LOUISIANA RADIATION ONCOLOGY,503 MCMILLAN RD,,WEST MONROE,LA,71291,3183284800,2,"ROSS BLAND, MD; WILLIAM ZOLLINGER, MD",2.0,yes (office billing),5459.0,0.0,1.0,,,,2025,4981746385,1437442472;1952402042
PIEDMONT CAROLINAS RADIATION THERAPY LLC,1005 W MEETING ST,,LANCASTER,SC,29720,8032836200,17,"AARON WILD, MD; AMARDEEP GREWAL; ANSHU JAIN, MD; BENJAMIN MOELLER, MD; BRADLEY MCCALL, MD; CHRISTOPHER CORSO, MD; JAHAN MOHIUDDIN, MD; JOHN HEINZERLING; JUSTIN HART; MATTHEW WARD, MD; MICHAEL LECOMPTE, MD; NOELLE WILLIAMS, MD; QUENTIN ADAMS, MD; ROSHAN PRABHU, MD; STUART BURRI, MD; TAYLOR CORRIHER, MD; WILLIAM BOBO, MD",19.0,yes (office billing),5318.0,2024.0,0.724325796785617,,,,2025,8325038763,1033178330;1043570948;1093177727;1093942534;1124397328;1154716611;1306045752;1316263353;1316906381;1326675273;1497377139;1508825506;1518265420;1558603605;1679923270;1871751420;1871868026
MINNEAPOLIS RADIATION ONCOLOGY PA,501 HOSPITAL RD,,NEW RICHMOND,WI,54017,7152432950,12,"CHARLES SHIDEMAN, MD; COLTON GITS, MD; DANIEL WATTSON, MD; DARCY MCBRIDE, MD; DUNCAN DICKSON, MD; ELANA NACK, MD; HUNTER GITS; JENNA BORKENHAGEN, MD; MARK BISIGNANI, MD; RAUL FERNANDEZ-GONZALEZ, MD; RICHARD DIAZ, MD; SOMU SUPPIAH, MD",18.0,yes (office billing),5206.0,696.0,0.8820738732633006,,,,2025,8527951094,1114345279;1225269020;1366447468;1386872547;1487655882;1508205311;1508858309;1578069464;1588199905;1720432255;1831190412;1841466026
DAYTON PHYSICIANS LLC,9000 N MAIN ST,SUITE G 37,ENGLEWOOD,OH,45415,9372931622,5,"DOUGLAS EINSTEIN, MD; GREGORY RASP, MD; GUY SAVIR, MD; RONALD SETZKORN, MD; TREVOR BLUEMEL",40.0,yes (office billing),5066.0,0.0,1.0,,,,2025,1456374859,1275563413;1407201551;1609821842;1902105372;1902809445
,4274 W MAIN ST,,DOTHAN,AL,36305,3347932312,1,"HEJAL PATEL, MD",,yes (office billing),5066.0,0.0,1.0,,,,2025,,1174746168
AUC UROLOGISTS LLC,809 82ND PKWY,UNIT B,MYRTLE BEACH,SC,29572,8433472450,1,"JOHN SYLVESTER, MD",29.0,yes (office billing),5051.0,0.0,1.0,,,,2026,3375986953,1508880337
"CLEVELAND RADIATION ONCOLOGY, INC; CLEVELAND UROLOGY ASSOCIATES, INC; SOUTHWEST UROLOGY, LLC",5260 SMITH RD,,BROOK PARK,OH,44142,2162654580; 4408916500,3,"ADIR LUDIN, MD; JON PRESCOTT, MD; MARTIN RIBOVICH, MD",14.0,yes (office billing),4983.0,0.0,1.0,,,,2025,0244324150; 4789632902; 6507753688,1437141207;1679653166;1992797989
WICHITA RADIOLOGICAL GROUP PROF ASSOC,551 N HILLSIDE ST,SUITE 320,WICHITA,KS,67214,3166851367,3,"ELLEN COOKE, MD; GRANT RINE, MD; JOSHUA WEIR, MD",26.0,yes (office billing),4918.0,268.0,0.9483224064789819,,,,2025,6507762960,1427213289;1457350084;1790102671
WICHITA UROLOGY GROUP PA,2626 N WEBB RD,,WICHITA,KS,67226,3166366100,2,"ELLEN COOKE, MD; JOSHUA WEIR, MD",29.0,yes (office billing),4918.0,187.0,0.9633692458374143,,,,2025,7214904499,1427213289;1790102671
"RADIATION ONCOLOGY CENTERS OF THE CAROLINAS, INC.",1400 MATTHEWS TOWNSHIP PKWY,,MATTHEWS,NC,28105,7048458800,12,"AARON WILD, MD; AMARDEEP GREWAL; ANSHU JAIN, MD; BRADLEY MCCALL, MD; JAHAN MOHIUDDIN, MD; JOHN HEINZERLING; JUSTIN HART; MICHAEL LECOMPTE, MD; NOELLE WILLIAMS, MD; ROBERT MCCAMMON, MD; TAYLOR CORRIHER, MD; YVONNE MACK, MD",14.0,yes (office billing),4867.0,1073.0,0.8193602693602694,,,,2025,7810956380,1093177727;1093942534;1124397328;1144289752;1154716611;1245359728;1306045752;1316263353;1316906381;1326675273;1497377139;1558603605
HOUSTON METRO UROLOGY,1220 BLALOCK RD,,HOUSTON,TX,77055,7134643343,1,"THANH VAN, MD",31.0,yes (office billing),4830.0,0.0,1.0,,,,2026,3971508235,1548252430
HOUSTON METRO UROLOGY,6560 FANNIN ST,SUITE 1440,HOUSTON,TX,77030,7137909700,1,"THANH VAN, MD",31.0,yes (office billing),4830.0,0.0,1.0,,,,2025,3971508235,1548252430
VIDANT RADIATION ONCOLOGY LLC,301 ACADEMY ST S,,AHOSKIE,NC,27910,2522098483,2,"ANDREJ HNATOV, MD; ANDREW JU, MD",8.0,yes (office billing),4813.0,308.0,0.9398554969732474,,,,2025,2567768021,1235394081;1821093006
PIEDMONT CAROLINAS RADIATION THERAPY LLC,228 S HERLONG AVE,,ROCK HILL,SC,29732,8033665186,10,"AARON WILD, MD; BRADLEY MCCALL, MD; DEAN GANT, MD; JAHAN MOHIUDDIN, MD; JEFFREY KUREMSKY, MD; JUSTIN HART; MICHAEL LECOMPTE, MD; NOELLE WILLIAMS, MD; TAYLOR CORRIHER, MD; WILLIAM BOBO, MD",19.0,yes (office billing),4751.0,883.0,0.8432729854455094,,,,2025,8325038763,1033178330;1053356493;1093177727;1124397328;1316263353;1316906381;1326675273;1497377139;1508094681;1558603605
MINNEAPOLIS RADIATION ONCOLOGY PA,6401 FRANCE AVE S,,EDINA,MN,55435,9529208477,8,"DANIEL WATTSON, MD; DARCY MCBRIDE, MD; DUNCAN DICKSON, MD; HUNTER GITS; KURT NISI, MD; MICHAEL HALEY, DO; RAUL FERNANDEZ-GONZALEZ, MD; RICHARD DIAZ, MD",18.0,yes (office billing),4732.0,308.0,0.9388888888888889,,,,2025,8527951094,1225269020;1366447468;1386872547;1508858309;1578069464;1831190412;1881686491;1962600346
"RADIATION THERAPY OF SOUTHEASTERN MASS, LLC",89 FORBES BLVD,,MANSFIELD,MA,02048,8573073700,10,"ANURAG SARAF, MD; ELIE MEHANNA, MD; JACK QIAN, MD; JENNIFER PRETZ, MD; JONATHAN LEEMAN; LAURA WARREN; MONICA KRISHNAN, MD; RON SHILOH, MD; SHALINI MONINGI, MD; STEVEN LAU, MD",10.0,yes (office billing),4697.0,82.0,0.9828415986608077,,,,2025,9335248343,1083050652;1093342750;1144514910;1174054787;1225370232;1518126952;1568782936;1649388729;1760988521;1871835231
PIEDMONT CAROLINAS RADIATION THERAPY LLC,222 S HERLONG AVE,,ROCK HILL,SC,29732,,9,"AARON WILD, MD; BRADLEY MCCALL, MD; DEAN GANT, MD; JAHAN MOHIUDDIN, MD; JUSTIN HART; MICHAEL LECOMPTE, MD; NOELLE WILLIAMS, MD; TAYLOR CORRIHER, MD; WILLIAM BOBO, MD",19.0,yes (office billing),4651.0,633.0,0.8802043906131718,,,,2025,8325038763,1033178330;1053356493;1093177727;1124397328;1316263353;1316906381;1326675273;1497377139;1558603605
NORTHEAST RADIATION ONCOLOGY CENTER,1110 MEADE ST,,DUNMORE,PA,18512,5705047200,3,"CHRISTOPHER PETERS, MD; MEGHAN HAGGERTY, MD; THOMAS CHURILLA, MD",3.0,yes (office billing),4628.0,0.0,1.0,,,,2025,9335105774,1487831673;1881039147;1922326396
"VANDERBILT MAURY RADIATION ONCOLOGY, LLC",1003 RESERVE BLVD,SUITE 120,SPRING HILL,TN,37174,9313801194,14,"ANTHONY CMELAK, MD; ANURADHA CHAKRAVARTHY, MD; AUSTIN KIRSCHNER; CORBIN JOHNSON, MD; DAKIM GAINES; ERIC SHINOHARA, MD; EVAN OSMUNDSON; KALEB DARROW, MD; KENNETH NIERMANN, MD; KHUSH AUJLA; LEO LUO; NATALIE LOCKNEY; SEAN ALL; ZACHARY KOHUTEK, MD",14.0,yes (office billing),4542.0,841.0,0.8437674159390675,,,,2025,2961643168,1124409545;1134582240;1154359289;1164506275;1225347636;1285079863;1386135788;1720378219;1780740571;1861021628;1891927208;1912099334;1962906974;1982751863
VALLEY TUMOR MEDICAL GROUP A MEDICAL CORPORATION,38660 MEDICAL CTR DR,,PALMDALE,CA,93551,6612084790,2,"ARTOUR TOROSSIAN, MD; YUCHI PENG, MD",4.0,yes (office billing),4390.0,0.0,1.0,,,,2026,8820045966,1023058195;1851656953
RBS EVOLUTION OF ALASKA LLC,240 HOSPITAL PL,,SOLDOTNA,AK,99669,9072627762,7,"JAMES BLOM, MD; JOHN HALLIGAN, MD; LARRY DAUGHERTY, MD; ROBERT SOLLACCIO, MD; STACEY WELLS, MD; STEPHEN SETTLE, MD; WILLIAM MAGNUSON, MD",10.0,yes (office billing),4362.0,376.0,0.9206416209371042,,,,2025,3274777974,1407011208;1508181819;1538554993;1730492588;1871565556;1942202981;1982676284
ADVENTHEALTH MEDICAL GROUP CANCER AND SPECIALTY CARE LLC,1 DOCTORS PARK,,ASHEVILLE,NC,28801,8282535314,3,"BRIAN COOK, MD; JOSEPH KELLEY, MD; KEVIN KERLIN, MD",20.0,yes (office billing),4339.0,0.0,1.0,,,,2026,0042246050,1376751354;1598783102;1609886167
"RADIATION ONCOLOGY HEALTHCARE, PA",6701 N CHARLES ST,,BALTAMORE,MD,21204,4438492540,4,"GEOFFREY NEUNER, MD; KRUTI PATEL, MD; ROBERT BROOKLAND, MD; SYLWESTER DZIUBA, MD",5.0,yes (office billing),4338.0,671.0,0.8660411259732481,,,,2025,7719981695,1548261647;1548464001;1780905968;1841291978
"SOUTH TEXAS ONCOLOGY AND HEMATOLOGY, PLLC",4383 MEDICAL DR,,SAN ANTONIO,TX,78229,2105935700,5,"ARDOW AMEDURI, MD; JOAQUIN MIRA, MD; KEITH EYRE, MD; NEIL CHEVLI, MD; SYLVIA ZUBYK, MD",39.0,yes (office billing),4266.0,0.0,1.0,,,,2025,4486618022,1376048975;1831126127;1841223351;1861412348;1972500197
"SOUTH TEXAS ONCOLOGY AND HEMATOLOGY, PLLC",502 MADISON OAK DR,SUITE 120,SAN ANTONIO,TX,78258,2105935700,5,"ARDOW AMEDURI, MD; JOAQUIN MIRA, MD; KEITH EYRE, MD; NEIL CHEVLI, MD; SYLVIA ZUBYK, MD",39.0,yes (office billing),4266.0,0.0,1.0,,,,2025,4486618022,1376048975;1831126127;1841223351;1861412348;1972500197
"PENINSULA RAD ONC CTR LLC; TACOMA RADIATION ONCOLOGY CENTER INC, PS",11511 CANTERWOOD BLVD,SUITE 50,GIG HARBOR,WA,98332,2537796325; 2538515155,5,"ANN PITTIER, MD; DEAN MASTRAS, MD; HERBERT WANG, MD; NATHAN BITTNER, MD; WENDY GAO, MD",6.0,yes (office billing),4265.0,40.0,0.9907084785133565,,,,2025,1658260302; 6204990450,1306950894;1477852218;1487625851;1609989714;1699746081
FLORIDA ONCOLOGY TAVARES LLC,2010 NIGHTINGALE LN,,TAVARES,FL,32778,3527423045,3,"DAVID DIAMOND, MD; JEFFREY BRABHAM, MD; KELLY LAFAVE, MD",3.0,yes (office billing),4262.0,0.0,1.0,,,,2025,9436469319,1376745612;1528069671;1639336233
MT. VERNON RADIATION THERAPY CENTER,4115 VETERANS MEMORIAL DR,,MOUNT VERNON,IL,62864,6182411827,5,"GRAEME FISHER, MD; KENNETH KLEIN, MD; KHADIJEH ZARKOOB, MD; ROBY LAL, DO; WILLIAM DUNN, MD",5.0,yes (office billing),4113.0,181.0,0.9578481602235678,,,,2025,2163439498,1295705630;1659362929;1669447504;1811983489;1891736963
,,,BURBANK,CA,91505,7472233223,1,"ARTOUR TOROSSIAN, MD",,yes (office billing),4026.0,0.0,1.0,,,,2026,,1851656953
"VANDERBILT-INGRAM CANCER CENTER CLARKSVILLE, LLC",375 ALFRED THUN RD,,CLARKSVILLE,TN,37040,9312210479,14,"ANURADHA CHAKRAVARTHY, MD; ASHWIN SHINDE; AUSTIN KIRSCHNER; CORBIN JOHNSON, MD; DONG KIM, MD; ERIC SHINOHARA, MD; EVAN OSMUNDSON; KALEB DARROW, MD; KENNETH NIERMANN, MD; KHUSH AUJLA; LEO LUO; NATALIE LOCKNEY; SEAN ALL; ZACHARY KOHUTEK, MD",15.0,yes (office billing),4010.0,922.0,0.8130575831305759,,,,2025,9830109123,1124409545;1134582240;1154359289;1164506275;1225347636;1245627256;1285079863;1720378219;1780740571;1861021628;1861422420;1891927208;1962906974;1982751863
CANCER PARTNERS OF NEBRASKA PC,4101 TIGER LILY RD,SUITE 100,LINCOLN,NE,68516,4024207000,3,"JACQUELINE KELLY, MD; JOSEPH KAM CHIU, MD; MARK STAVAS, MD",30.0,yes (office billing),4010.0,108.0,0.9737736765420106,,,,2026,9436148426,1265426175;1336468636;1730507971
CANCER CENTER OF HAWAII LLC; GAMMA KNIFE CENTER OF THE PACIFIC INC; PACIFIC RADIATION ONCOLOGY LLC,2226 LILIHA ST,SUITE 205,HONOLULU,HI,96817,8085351579; 8085476881,7,"CHRISTINA SPEIRS; JARED HARA, MD; JOHN LEDERER, MD; LAETON PANG, MD; MICHAEL ROACH, MD; RICHARD LEE, MD; SUSIE CHEN, MD",6.0,yes (office billing),3985.0,78.0,0.9808023627861187,,,,2025,2668361619; 4981673514; 6901881077,1083687685;1114226735;1164609517;1386934495;1548751894;1740253327;1922261718
"ARIZONA BLOOD AND CANCER SPECIALISTS, PLLC",3700 E FORT LOWELL RD,SUITE 130,TUCSON,AZ,85716,5206897022,3,"ANDREW ORTON, MD; ROBERT GIN, MD; SAMUEL DAY, MD",15.0,yes (office billing),3958.0,0.0,1.0,,,,2025,4082957428,1053731356;1811304652;1811966575
CENTRAL CARE PA,1401 W 12TH AVE,CENTRAL CARE CANCER CTR,EMPORIA,KS,66801,6203421117,2,"CLAUDIA PEREZ-TAMAYO, MD; OMORUYI IRABOR",15.0,yes (office billing),3893.0,0.0,1.0,,,,2025,7911801014,1366403537;1750944112
"CENTRAL CARE PA; HEARTLAND ONCOLOGY, LLC",410 E SPRUCE ST,CENTRAL CARE CANCER CTR,GARDEN CITY,KS,67846,6202722579,2,"CLAUDIA PEREZ-TAMAYO, MD; OMORUYI IRABOR",15.0,yes (office billing),3893.0,0.0,1.0,,,,2025,7911801014; 9638302342,1366403537;1750944112
NORTH DALLAS UROLOGY ASSOCIATES,5300 W PLANO PKWY,SUITE 200,PLANO,TX,75093,9726128037110,2,"TAHIR RANA, MD; WILHELM LUBBE, MD",12.0,yes (office billing),3876.0,0.0,1.0,,,,2025,5395710933,1689675902;1922388487
CANCER CARE NORTHWEST CENTERS P S,700 W IRONWOOD DR,SUITE 130,COEUR D ALENE,ID,83814,5092281000,5,"AARON WAGNER, MD; BRYAN AGER; KYRA MCCOMAS, MD; PAULA SCHOMBERG, MD; WAYNE LAMOREAUX, MD",40.0,yes (office billing),3866.0,0.0,1.0,,,,2025,4688561939,1245218536;1306231907;1356978100;1831188036;1831424365
CHAD SILA M D A PROFESSIONAL CORPORATION,14608 HAWTHORNE BLVD,,LAWNDALE,CA,90260,3109784970,5,"ARTHUR CHUNG, MD; CHAD SILA, MD; CLIFFORD MERLO, MD; JASON SUN, MD; LESLEY LAWRENSON, MD",6.0,yes (office billing),3818.0,46.0,0.9880952380952381,,,,2025,5991950966,1295026102;1427198597;1457691503;1477744811;1568691830
VIDANT RADIATION ONCOLOGY LLC,703 DOCTORS DR,,KINSTON,NC,28501,2525227600,1,"ANDREJ HNATOV, MD",8.0,yes (office billing),3776.0,308.0,0.9245837414299706,,,,2025,2567768021,1821093006
CENTRAL FLORIDA CANCER INSTITUTE PA,2 STATE RD 60,,LAKE WALES,FL,33853,8636792960,2,"MICHAEL SMITH, MD; SANDRA SHA, MD",4.0,yes (office billing),3582.0,0.0,1.0,,,,2025,5193612778,1396717328;1902835374
RAVI PATEL M D INC,6501 TRUXTUN AVE,,BAKERSFIELD,CA,93309,6613222206,2,"ANGEL MORAN, MD; GIRIDHAR GORLA, MD",18.0,yes (office billing),3544.0,0.0,1.0,,,,2025,0042124497,1629435896;1932196516
"MARYLAND PROTON TREATMENT CENTER, LLC",850 W BALTIMORE ST,,BALTIMORE,MD,21201,4102277434,19,"AKSHAR PATEL, MD; DAN KUNAPRAYOON, MD; ELIZABETH NICHOLS, MD; JASON MOLITORIS, MD; KEARA ENGLISH, MD; MARK MISHRA, MD; MATTHEW FERRIS, MD; MICHAEL KIM, MD; NAVESH SHARMA, DO; PHILIP MCDONAGH, MD; PHUOC TRAN, MD; PRADIP AMIN, MD; SAMIR KANANI, MD; SARA DUDLEY, MD; SARAH MCAVOY, MD; WENDLA CITRON, MD; WILLIAM REGINE, MD; YOUNG KWOK, MD; ZAKER RANA, MD",23.0,yes (office billing),3532.0,1075.0,0.7666594313001953,,,,2025,5597070524,1003308412;1043449762;1043589880;1104213578;1104831957;1124268859;1144549015;1215941901;1215961727;1265851323;1265876973;1376739037;1396903761;1477588846;1558336719;1609496181;1790932630;1841979333;1902199391
,4201 MEDICAL CTR DR,SUITE 180,MCKINNEY,TX,75069,9403878000,1,"TAHIR RANA, MD",,yes (office billing),3458.0,0.0,1.0,,,,2025,,1689675902
ADVENTHEALTH MEDICAL GROUP CANCER AND SPECIALTY CARE LLC,600 HOSPITAL DR,SUITE 10A,CLYDE,NC,28721,8284522320,3,"DANIEL BASEMAN, MD; DAVID DUBIN, MD; NICOLA NASSER, MD",20.0,yes (office billing),3439.0,184.0,0.949213359094673,,,,2026,0042246050,1023548831;1194905984;1205881703
"CLEVELAND UROLOGY ASSOCIATES, INC; WESTERN RADIATION ONCOLOGY INC",1 INFINITY CORP CTR DR,SUITE 101,GARFIELD HEIGHTS,OH,44125,6509407280,5,"ANKIT AGARWAL, MD; JOHN SHUMWAY, MD; JON PRESCOTT, MD; MARTIN RIBOVICH, MD; STEVEN KURTZMAN, MD",9.0,yes (office billing),3417.0,0.0,1.0,,,,2025,6507753688; 7416902572,1114918851;1265935027;1437141207;1629430376;1992797989
WEST MICHIGAN CANCER CENTER,200 N PARK ST,,KALAMAZOO,MI,49007,2693737453; 2693737488,6,"ALLISON HAZY, MD; GARTH TORMOEN, MD; LAURA ASHACK, MD; MAZEN MISLMANI, MD; MOHAMAD FAKHREDDINE, MD; SIMON BROWN, MD",16.0,yes (office billing),3407.0,0.0,1.0,,,,2025,8628971199,1093370413;1538489554;1699138958;1790128783;1962842781;1992124531
"ARIZONA BLOOD AND CANCER SPECIALISTS, PLLC",121 W ESPERANZA BLVD,SUITE 181,GREEN VALLEY,AZ,85614,5206896992,2,"ANDREW ORTON, MD; SAMUEL DAY, MD",15.0,yes (office billing),3394.0,0.0,1.0,,,,2025,4082957428,1053731356;1811304652
"ARIZONA BLOOD AND CANCER SPECIALISTS, PLLC",3945 E PARADISE FALLS DR,SUITE 105,TUCSON,AZ,85712,5206897022,2,"ANDREW ORTON, MD; SAMUEL DAY, MD",15.0,yes (office billing),3394.0,0.0,1.0,,,,2025,4082957428,1053731356;1811304652
FLORIDA UROLOGY CENTER PA,300 CLYDE MORRIS BLVD,SUITE C,ORMOND BEACH,FL,32174,3866735100,1,"MICHAEL PIRKOWSKI, MD",11.0,yes (office billing),3390.0,0.0,1.0,,,,2025,8224927132,1386646461
MATTHEW CAVEY MD PA,2900 ACME BRICK PLZ,,FORT WORTH,TX,76109,8177611844,1,"MATTHEW CAVEY, MD",2.0,yes (office billing),3326.0,0.0,1.0,,,,2025,4688092174,1720031263
CANCER THERAPY MEDICAL GROUP INC,7887 N CEDAR AVE,,FRESNO,CA,93720,5594371000,2,"ANKIT AGARWAL, MD; LI LIU, MD",12.0,yes (office billing),3298.0,0.0,1.0,,,,2025,6800792003,1619946753;1629430376
UROLOGY NEVADA LTD,10745 DOUBLE R BLVD,,RENO,NV,89521,7753227811,3,"BRANDON DYER, MD; ERIK STICKNEY, MD; JASON KEHRER, DO",24.0,yes (office billing),3275.0,302.0,0.915571708135309,,,,2025,1557460557,1295155968;1619937984;1710114616
AUGUSTA ONCOLOGY ASSOCIATES PC,150 BLUFF AVE,,NORTH AUGUSTA,SC,29841,7067361830,4,"JED HOWINGTON, MD; JOHN STEWART, MD; MARK EZEKIEL, MD; ROHIT RAJ, MD",36.0,yes (office billing),3206.0,463.0,0.8738075769964568,,,,2025,8921089756,1376502518;1417913070;1427251412;1558704593
RADIATION ONCOLOGY CENTER OF AIKEN,111 MIRACLE DR,,AIKEN,SC,29801,8036415833,2,"JED HOWINGTON, MD; MARK EZEKIEL, MD",2.0,yes (office billing),3206.0,228.0,0.9336051252184042,,,,2025,0042341778,1376502518;1417913070
INTERVENTIONAL RADIATION ONCOLOGY OF CALIFORNIA INC; UROLOGICAL SURGEONS OF NORTHERN CALIFORNIA INC,2165 S BASCOM AVE,SUITE B,CAMPBELL,CA,95008,4089635518; 8883565677,5,"ANKIT AGARWAL, MD; JOHN SHUMWAY, MD; RAMESH GADAM; RIZWAN NURANI, MD; SHAHIL MEHTA, MD",8.0,yes (office billing),3162.0,0.0,1.0,,,,2025,4587720537; 7214315563,1265935027;1386756245;1629430376;1679897284;1942763800
FLORIDA RADIATION ONCOLOGY PARTNERS,483 N SEMORAN BLVD,,WINTER PARK,FL,32792,4075390722,2,"DAVID DIAMOND, MD; KELLY LAFAVE, MD",2.0,yes (office billing),3144.0,0.0,1.0,,,,2025,0547556185,1376745612;1528069671
MISSOURI CANCER ASSOCIATES LLC,1705 E BROADWAY,SUITE 100,COLUMBIA,MO,65201,5738747800,5,"ANDREW LEIKER, MD; HAROLD JOHNSON, MD; MARK BRYER, MD; REED COPE, MD; WILLIAM DECKER, MD",22.0,yes (office billing),3134.0,771.0,0.8025608194622279,,,,2025,8729975305,1144217324;1154327096;1457349755;1568859023;1801214267
ACKERMAN CANCER CENTER PA,10881 SAN JOSE BLVD,,JACKSONVILLE,FL,32223,9042603022,4,"JAYMESON STROUD, MD; PAUL OSSI, MD; RYAN PERKINS, MD; SCOT ACKERMAN, MD",10.0,yes (office billing),3122.0,0.0,1.0,,,,2025,3779541362,1366447682;1619094513;1942205364;1972508299
UNIVERSITY OF MARYLAND RADIATION ONCOLOGY ASSOCIATES PA,9333 HEALTHCARE WAY,SUITE 1 A100,UPPER MARLBORO,MD,20774,6672253130,13,"DAN KUNAPRAYOON, MD; ELIZABETH NICHOLS, MD; JASON CITRON, MD; KEARA ENGLISH, MD; MELISSA VYFHUIS, MD; MEREDITH WERNICK, MD; PHILIP MCDONAGH, MD; SALLY CHESTON, MD; SAMIR KANANI, MD; SARA DUDLEY, MD; SARAH MCAVOY, MD; TALYA LAUFER, MD; WENDLA CITRON, MD",35.0,yes (office billing),3082.0,856.0,0.7826307770441848,,,,2025,6406845544,1003308412;1043449762;1043589880;1144549015;1396903761;1477588846;1558336719;1568476745;1609496181;1639708217;1720386469;1770586810;1801214689
COLORADO SPRINGS UROLOGICAL ASSOCIATES LLC,1644 MEDICAL CTR PT,SUITE 200,COLORADO SPRINGS,CO,80907,7196341994,1,"BARRY GARDNER, MD",20.0,yes (office billing),3070.0,0.0,1.0,,,,2025,6709155393,1033197231
CANCER CARE NORTHWEST CENTERS P S,605 E HOLLAND AVE,SUITE 100,SPOKANE,WA,99218,5092281000,2,"BRYAN AGER; ORLAN MACDONALD, MD",40.0,yes (office billing),2975.0,0.0,1.0,,,,2025,4688561939,1306231907;1760543755
"ASSOCIATES IN RADIATION MEDICINE, PC",30077 BUSINESS CTR DR,,CHARLOTTE HALL,MD,20622,3018842508,3,"AILEEN KIM, MD; ANEESH PIRLAMARLA, MD; KATHLEEN SETTLE-LADONNA, MD",12.0,yes (office billing),2972.0,0.0,1.0,,,,2025,6204826332,1518001163;1659831949;1770993255
ADVOCATE RADIATION ONCOLOGY LLC,25243 ELEMENTARY WAY,,BONITA SPRINGS,FL,34135,2393172772,1,"TODD PEZZI, MD",21.0,yes (office billing),2961.0,0.0,1.0,,,,2025,1658613096,1336674431
GOLDEN GATE UROLOGY INC,1661 MISSION ST,,SAN FRANCISCO,CA,94103,4155410800,1,"DAVID KORNGUTH, MD",12.0,yes (office billing),2946.0,0.0,1.0,,,,2025,4284789710,1801820394
CHANUTE RT ASSOCIATES LLC,1709 W 7TH ST,,CHANUTE,KS,66720,6204314815,2,"BENJAMIN SLANE, MD; DARREN KLISH, MD",2.0,yes (office billing),2937.0,0.0,1.0,,,,2025,6204081466,1376705871;1922164524
"SJC ONCOLOGY SERVICES - GEORGIA, LLC",225 CANDLER DR,SUITE 100,SAVANNAH,GA,31405,9123521700,5,"JOHN MIKELL, MD; JOHN PABLO; JOSHUA MCKENZIE, MD; PHILIP VILLIOTTE, MD; STEPHEN RAMEY",26.0,yes (office billing),2916.0,720.0,0.801980198019802,,,,2025,8426086901,1023335726;1528229788;1770922353;1831237148;1881643443
"PRINCETON PROCURE MANAGEMENT, LLC",103 CEDAR GROVE LN,,SOMERSET,NJ,08873,7323572600,15,"ANDREW GREENBERG, MD; BENJAMIN COOPER, MD; BRIAN CHON, MD; EDWARD SOFFEN, MD; HENRY TSAI, MD; HIRAL FONTANILLA, MD; JAE LEE, MD; JOSEPH PEPEK, MD; MATTHEW GALLITTO, MD; NISHANT SHAH, MD; PAYAL SONI, MD; ROBERT CARDINALE, MD; TIMOTHY CHEN, MD; TODD FLANNERY, MD; VICTOR NG, MD",15.0,yes (office billing),2899.0,1653.0,0.6368629173989455,,,,2025,4385806785,1033253679;1063480010;1093905184;1164459079;1336188549;1336643626;1376834739;1396204616;1487141065;1548286339;1629332812;1679500128;1790755304;1841200706;1871936898
PMHC CANCER CENTER,22301 FOSTER WINTER DR,FL 1,SOUTHFIELD,MI,48075,2488493321,4,"EYAD ABU ISA, MD; JUNE CHAN, MD; LAURA MCNEW, MD; PATRICK MCLAUGHLIN, MD",7.0,yes (office billing),2896.0,0.0,1.0,,,,2025,9133114374,1083706485;1396861936;1780983171;1871685271
UVA CANCER CENTER GAINESVILLE LLC,7901 LAKE MANASSAS DR,,GAINESVILLE,VA,20155,7037534045,2,"MOIRA SUTTON, MD; SANJEEV AGGARWAL, MD",2.0,yes (office billing),2895.0,0.0,1.0,,,,2025,2062519440,1316923014;1588611040
,5510 COWHORN CREEK RD,,TEXARKANA,TX,75503,9038314673,1,"HAI TRAN, MD",,yes (office billing),2891.0,0.0,1.0,,,,2025,,1992794341
SJC ONCOLOGY SERVICES SOUTH CAROLINA LLC,100 BUCKWALTER PLACE BLVD,SUITE 150,BLUFFTON,SC,29910,8438367120,6,"JONATHAN BARNES, MD; RICHARD BLACKBURN, DO; ROBENA MEDBERY, MD; ROBERT GOEBEL, MD; SCOTT MOON, MD; STEPHEN RAMEY",14.0,yes (office billing),2845.0,181.0,0.9401850627891606,,,,2025,0143217273,1053364968;1174620504;1366415309;1730127598;1770922353;1801834767
CANCER CENTER OF SOUTH FLORIDA PLLC,11621 KEW GARDENS AVE,SUITE 101A,PALM BEACH GARDENS,FL,33410,5612533980,1,"EUGENE SHIEH, MD",47.0,yes (office billing),2818.0,0.0,1.0,,,,2026,8426120239,1518057629
GORDON GRADO MD INC,2926 N CIVIC CTR PLZ,,SCOTTSDALE,AZ,85251,4806146300,3,"GORDON GRADO, MD; RICHARD LEVY, MD; ROBERT O LAUGHLIN, MD",5.0,yes (office billing),2794.0,0.0,1.0,,,,2025,3971581166,1225092745;1699841254;1811245533
CENTRAL CARE PA,1501 N OAKLAND AVE,,BOLIVAR,MO,65613,4173267200,1,"CLAUDIA PEREZ-TAMAYO, MD",15.0,yes (office billing),2773.0,0.0,1.0,,,,2026,7911801014,1366403537
CENTRAL CARE PA,204 CLEVELAND ST,,GREAT BEND,KS,67530,6207925511,1,"CLAUDIA PEREZ-TAMAYO, MD",15.0,yes (office billing),2773.0,0.0,1.0,,,,2025,7911801014,1366403537
CENTRAL CARE PA,730 MEDICAL CTR DR,,NEWTON,KS,67114,3162831141,1,"CLAUDIA PEREZ-TAMAYO, MD",15.0,yes (office billing),2773.0,0.0,1.0,,,,2025,7911801014,1366403537
,85 E US HWY 6 100,PORTER RADIATION ONCOLOGY,VALPARAISO,IN,46383,2199836100,1,"JEFFREY QUACKENBUSH, MD",,yes (office billing),2770.0,0.0,1.0,,,,2025,,1639151921
"TACOMA RADIATION ONCOLOGY CENTER INC, PS",1802 YAKIMA AVE,SUITE 103,TACOMA,WA,98405,2532721077,4,"ANN PITTIER, MD; HERBERT WANG, MD; ROBYN VERA, DO; WENDY GAO, MD",6.0,yes (office billing),2724.0,370.0,0.8804137039431157,,,,2025,1658260302,1033370705;1306950894;1477852218;1699746081
CENTRAL FLORIDA CANCER INSTITUTE PA,22 STATE RD 60,,LAKE WALES,FL,33853,8636792960,1,"SANDRA SHA, MD",4.0,yes (office billing),2724.0,0.0,1.0,,,,2025,5193612778,1396717328
CENTRAL FLORIDA CANCER INSTITUTE PA,40107 HWY 27,,DAVENPORT,FL,33837,8634190692,1,"SANDRA SHA, MD",4.0,yes (office billing),2724.0,0.0,1.0,,,,2025,5193612778,1396717328
"CENTRAL OHIO UROLOGY GROUP, LLC.",620 A MORRISON RD,,GAHANNA,OH,43230,6143962684; 6149444770,3,"JASON SEAVOLT, MD; JOHN MASINO, MD; MALOLAN RAJAGOPALAN, MD",48.0,yes (office billing),2704.0,136.0,0.952112676056338,,,,2025,5395758882,1013947456;1316265960;1659674083
GILBERT LEDERMAN MD PC,1384 BROADWAY,,NEW YORK,NY,10018,2122464237,3,"ARIEL LEDERMAN, MD; DANIEL IZON, MD; GILBERT LEDERMAN, MD",3.0,yes (office billing),2673.0,0.0,1.0,,,,2025,2365333861,1285052944;1346282571;1508889114
RIO GRANDE UROLOGY PA,7420 REMCON CIR,SUITE A,EL PASO,TX,79912,9155328823,1,"JAMESON MENDEL, MD",28.0,yes (office billing),2669.0,0.0,1.0,,,,2025,3476627878,1679952915
OKLAHOMA PROTON CENTER LLC,5901 W MEMORIAL RD,,OKLAHOMA CITY,OK,73142,4057736700,7,"HAN-CHIH CHANG, MD; KIRAN PRABHU, MD; MARK MCLAUGHLIN, MD; MARK STOREY, MD; MICHAEL CONFER, MD; ROBERT GASTON, DO; TYLER GUTSCHENRITTER, MD",15.0,yes (office billing),2655.0,506.0,0.8399240746599177,,,,2025,4183963861,1285130716;1336346337;1386164507;1457393894;1578550851;1619946068;1790776755
CARSON TAHOE RADIATION ONCOLOGY,1535 MEDICAL PKWY,SUITE A,CARSON CITY,NV,89703,7758835505,3,"BRITTNI USERA, MD; CELINE ORD, MD; GARY CAMPBELL, MD",3.0,yes (office billing),2618.0,0.0,1.0,,,,2025,6608853239,1265492011;1457526048;1497259337
ARIZONA ONCOLOGY ASSOCIATES PC,1100 GAIL GARDNER WAY,,PRESCOTT,AZ,86305,9287761040,1,"DONN DAVIS, MD",42.0,yes (office billing),2596.0,0.0,1.0,,,,2025,9638067911,1003899816
,605 MEDICAL CTR DR,SUITE A,ALEXANDRIA,LA,71301,3187697200,1,"NATALIE ALPHONSE SULLIVAN, MD",,yes (office billing),2577.0,0.0,1.0,,,,2026,,1003255761
"OKLAHOMA CANCER SPECIALISTS AND RESEARCH INSTITUTE, LLC",3470 E FRANK PHILLIPS BLVD,,BARTLESVILLE,OK,74006,9183311760,1,"LESLIE YONEMOTO, MD",47.0,yes (office billing),2532.0,0.0,1.0,,,,2025,0042513558,1336235456
NEBRASKA UROLOGY PC,5500 PINE LAKE RD,,LINCOLN,NE,68516,4024898888,1,"PHILLIP HYNES, MD",21.0,yes (office billing),2521.0,0.0,1.0,,,,2026,1951372937,1508881244
AMERICAN ONCOLOGIC ASSOCIATES OF MICHIGAN PC,29992 NORTHWESTERN HWY,SUITE C,FARMINGTON HILLS,MI,48334,,2,"JOHN ANTONUCCI, MD; KAY MILLER, MD",9.0,yes (office billing),2518.0,0.0,1.0,,,,2026,3577558980,1104890623;1619181369
UNIVERSITY OF MARYLAND RADIATION ONCOLOGY ASSOCIATES PA,5755 CEDAR LN,,COLUMBIA,MD,21044,4107409300,2,"SALLY CHESTON, MD; YOUNG KWOK, MD",35.0,yes (office billing),2515.0,0.0,1.0,,,,2025,6406845544,1215941901;1568476745
CANCER CARE CENTERS OF BREVARD INC,215 CONE RD,,MERRITT ISLAND,FL,32952,5615891995,1,"TODD PANARESE, MD",17.0,yes (office billing),2472.0,0.0,1.0,,,,2025,3274435102,1427125053
SLIDELL MEMORIAL HOSPITAL,1120 ROBERT BLVD,,SLIDELL,LA,70458,9852808688,2,"DANIEL BOURGEOIS, MD; EDWARD MANNINA, MD",2.0,yes (office billing),2435.0,0.0,1.0,,,,2025,1456335942,1043568991;1477846913
"COASTAL RADIATION ONCOLOGY MEDICAL GROUP, INC.",2900 LOMA VISTA RD,SUITE 100,VENTURA,CA,93003,8056485191,3,"CHARU SINGH, MD; EUGENE AHN, MD; JACOB ANDRADE, MD",11.0,yes (office billing),2430.0,52.0,0.9790491539081386,,,,2025,7214946201,1659630044;1841741212;1912999533
CANCER CARE CENTERS OF BREVARD INC,1430 S PINE ST,,MELBOURNE,FL,32901,3219520898,1,"RAVI SHANKAR, MD",17.0,yes (office billing),2383.0,0.0,1.0,,,,2025,3274435102,1861407421
CARTI ONCOLOGY SOLUTIONS LLC,8901 CARTI WAY,,LITTLE ROCK,AR,72205,50190630003044,7,"BRENT CAMERON, MD; CHERYL PAYNE, MD; HOWARD MORGAN, MD; JONATHAN PAGAN, MD; MATTHEW HARDEE, MD; MICHAEL MAY, MD; XIANG GAO, MD",13.0,yes (office billing),2358.0,0.0,1.0,,,,2025,3173694619,1184011470;1265850325;1376530550;1407387053;1487896973;1639515059;1912993619
RADIATION ONCOLOGY ASSOCIATES OF ACADIANA LLP,3975 I 49 S SERVICE RD,SUITE 106,OPELOUSAS,LA,70570,3379427609,5,"BRYCE BEARD, MD; JOHN ANDERSON, MD; JONATHAN THOMPSON, MD; PERRI PRELLOP, MD; STEPHEN WILT, MD",6.0,yes (office billing),2356.0,513.0,0.8211920529801324,,,,2025,4880975747,1124288956;1356798086;1508808981;1528082443;1588956593
"E PLUS ONCOLOGICS LOUISIANA, LLC",4809 AMBASSADOR CAFFERY PKWY,SUITE 100,LAFAYETTE,LA,70508,3377698660,5,"BRYCE BEARD, MD; JOHN ANDERSON, MD; JONATHAN THOMPSON, MD; PERRI PRELLOP, MD; STEPHEN WILT, MD",5.0,yes (office billing),2356.0,513.0,0.8211920529801324,,,,2025,5496918278,1124288956;1356798086;1508808981;1528082443;1588956593
ACADIANA RADIATION THERAPY LLC,525 N LEWIS ST,,NEW IBERIA,LA,70563,3373641131,5,"BRYCE BEARD, MD; JOHN ANDERSON, MD; JONATHAN THOMPSON, MD; PERRI PRELLOP, MD; STEPHEN WILT, MD",6.0,yes (office billing),2356.0,513.0,0.8211920529801324,,,,2025,1759604853,1124288956;1356798086;1508808981;1528082443;1588956593
CENTRAL GEORGIA RADIATION ONCOLOGY CENTER,114 SUTHERLIN DR R,,WARNER ROBINS,GA,31088,4782876353,2,"DAVID COLE, MD; LINDA WOBECK, MD",4.0,yes (office billing),2355.0,0.0,1.0,,,,2025,4789662412,1467434423;1689604894
CENTRAL GEORGIA RADIATION ONCOLOGY CENTER,777 HEMLOCK ST,,MACON,GA,31201,4786331235,2,"DAVID COLE, MD; LINDA WOBECK, MD",4.0,yes (office billing),2355.0,0.0,1.0,,,,2025,4789662412,1467434423;1689604894
CENTRAL GEORGIA RADIATION ONCOLOGY CENTER,800 1ST ST,SUITE 110,MACON,GA,31201,4787433466,2,"DAVID COLE, MD; LINDA WOBECK, MD",4.0,yes (office billing),2355.0,0.0,1.0,,,,2025,4789662412,1467434423;1689604894
SHARED MAGNETIC RESONANCE IMAGING FACILITY INC,1104 JOHN NOLEN DR,SUITE 1,MADISON,WI,53713,6082516868,5,"JUNE KIM, MD; KEVIN KOZAK, MD; MICHELLE MACKAY, MD; STEVEN HOWARD, MD; TIMOTHY KRUSER, MD",9.0,yes (office billing),2321.0,371.0,0.862184249628529,,,,2025,8921906256,1013179928;1053576926;1124081740;1124219241;1760488092
BRYAN MEDICAL CENTER,1500 S 48TH ST,FL 1,LINCOLN,NE,68506,4024890200,2,"JACQUELINE KELLY, MD; JOSEPH KAM CHIU, MD",50.0,yes (office billing),2316.0,65.0,0.9727005459890802,,,,2025,4284628652,1265426175;1730507971
ARIZONA ONCOLOGY ASSOCIATES PC,2070 W RUDASILL RD,SUITE 110,TUCSON,AZ,85704,5207973630,3,"ANDREW NEUSCHATZ, MD; DAVID FRYE, MD; DAVID VONK, MD",42.0,yes (office billing),2312.0,0.0,1.0,,,,2025,9638067911,1124077185;1194988204;1750441770
ASSOCIATES IN RADIATION MEDICINE OF DELAWARE LLC,701 MIDDLEFORD RD,,SEAFORD,DE,19973,3026286344,3,"DAVID MCDERMOTT, MD; JOHN MANSUETI, MD; WILLIAM WOODS, MD",3.0,yes (office billing),2285.0,498.0,0.8210564139417894,,,,2025,3375973837,1275561011;1508286311;1699776955
SOUTHERN CANCER CENTER PC,29653 ANCHOR CROSS BLVD,,DAPHNE,AL,36526,2516256896,2,"FRANK PITRUZZELLO, MD; RACHAEL HARMON, MD",25.0,yes (office billing),2260.0,0.0,1.0,,,,2025,5597860403,1003820697;1760708614
NMC LLC; TAMPA BAY RADIATION ONCOLOGY PA,621 LUMSDEN PROFESSIONAL CT,,BRANDON,FL,33511,8136574004,5,"DEBRA FREEMAN, MD; HARVEY GREENBERG, MD; JOHN KOVAL, MD; JOHN STEEL, MD; RANDY KAHN, MD",5.0,yes (office billing),2246.0,145.0,0.9393559180259305,,,,2025,2668537689; 2769465210,1083682488;1083682496;1346254125;1639168529;1689699985
WESTERN RADIATION ONCOLOGY INC,123 W 31ST ST,,KEARNEY,NE,68847,6509407280,3,"ANKIT AGARWAL, MD; JOHN SHUMWAY, MD; STEVEN KURTZMAN, MD",5.0,yes (office billing),2227.0,0.0,1.0,,,,2026,7416902572,1114918851;1265935027;1629430376
WESTERN RADIATION ONCOLOGY INC,130 TOWN CTR DR,,TROY,MI,48084,6509607397,3,"ANKIT AGARWAL, MD; JOHN SHUMWAY, MD; STEVEN KURTZMAN, MD",5.0,yes (office billing),2227.0,0.0,1.0,,,,2026,7416902572,1114918851;1265935027;1629430376
WESTERN RADIATION ONCOLOGY INC,1325 WOLF PARK DR,SUITE 102,GERMANTOWN,TN,38138,6509407280,3,"ANKIT AGARWAL, MD; JOHN SHUMWAY, MD; STEVEN KURTZMAN, MD",5.0,yes (office billing),2227.0,0.0,1.0,,,,2025,7416902572,1114918851;1265935027;1629430376
WESTERN RADIATION ONCOLOGY INC,1450 S JOHNSON FERRY RD,,SANDY SPRINGS,GA,30319,6509407280,3,"ANKIT AGARWAL, MD; JOHN SHUMWAY, MD; STEVEN KURTZMAN, MD",5.0,yes (office billing),2227.0,0.0,1.0,,,,2026,7416902572,1114918851;1265935027;1629430376
WESTERN RADIATION ONCOLOGY INC,225 CLEARFIELD AVE,,VIRGINIA BEACH,VA,23462,6509407280,3,"ANKIT AGARWAL, MD; JOHN SHUMWAY, MD; STEVEN KURTZMAN, MD",5.0,yes (office billing),2227.0,0.0,1.0,,,,2026,7416902572,1114918851;1265935027;1629430376
WESTERN RADIATION ONCOLOGY INC,499 GLOSTER CREEK VLG,SUITE A1,TUPELO,MS,38801,6509407280,3,"ANKIT AGARWAL, MD; JOHN SHUMWAY, MD; STEVEN KURTZMAN, MD",5.0,yes (office billing),2227.0,0.0,1.0,,,,2026,7416902572,1114918851;1265935027;1629430376
WESTERN RADIATION ONCOLOGY INC,9618 HUEBNER RD,SUITE 120,SAN ANTONIO,TX,78240,6509407280,3,"ANKIT AGARWAL, MD; JOHN SHUMWAY, MD; STEVEN KURTZMAN, MD",5.0,yes (office billing),2227.0,0.0,1.0,,,,2026,7416902572,1114918851;1265935027;1629430376
WESTERN RADIATION ONCOLOGY INC,1155 E COMBS RD,SUITE 105,QUEEN CREEK,AZ,85140,4802191010,2,"ANKIT AGARWAL, MD; STEVEN KURTZMAN, MD",5.0,yes (office billing),2227.0,0.0,1.0,,,,2025,7416902572,1114918851;1629430376
WHITON AND REGISTER PLLC,307 S 13TH ST,SUITE 100,MOUNT VERNON,WA,98274,3604282146,4,"ALEXEI POLISHCHUK, MD; JOHN REGISTER, MD; MICHAEL TAYLOR, MD; MICHAL WHITON, MD",4.0,yes (office billing),2217.0,0.0,1.0,,,,2025,8527184985,1124048368;1295021921;1407058365;1871596502
BELLINGHAM RADIATION ONCOLOGY PLLC,381 W HORTON RD,,BELLINGHAM,WA,98226,3603702873,3,"ALEXEI POLISHCHUK, MD; MICHAEL TAYLOR, MD; WILLIAM HALL, MD",3.0,yes (office billing),2203.0,0.0,1.0,,,,2026,0345574950,1295021921;1790768513;1871596502
CANCER CARE SPECIALISTS OF CENTRAL ILLINOIS SC,905 MEDICAL PARK DR,,EFFINGHAM,IL,62401,2173422066,1,"CASEY DUNCAN, MD",31.0,yes (office billing),2200.0,0.0,1.0,,,,2025,5991619116,1487720942
"GOLDEN STATE RADIATION ONCOLOGY, INC.",21300 ERWIN ST,,WOODLAND HILLS,CA,91367,8184492700,2,"RANDALL SCHARLACH, MD; ROBERT HESSELGESSER, MD",2.0,yes (office billing),2194.0,0.0,1.0,,,,2025,0446496079,1477545093;1710979687
MICHAEL DATTOLI PLC,2803 FRUITVILLE RD,,SARASOTA,FL,34237,9419571221,2,"ERIC BROOKS, MD; MICHAEL DATTOLI, MD",2.0,yes (office billing),2185.0,0.0,1.0,,,,2025,6406904549,1235240664;1447645577
,2620 PEERLESS RD NW,,CLEVELAND,TN,37312,4234722171,1,LISA VIROSTEK,,yes (office billing),2172.0,0.0,1.0,,,,2025,,1174547277
WESTERN RADIATION ONCOLOGY INC,125 S DR,,MOUNTAIN VIEW,CA,94040,6509607397,3,"ANKIT AGARWAL, MD; JOHN SHUMWAY, MD; SHAHIL MEHTA, MD",5.0,yes (office billing),2157.0,0.0,1.0,,,,2025,7416902572,1265935027;1629430376;1942763800
WESTERN RADIATION ONCOLOGY INC,140 HWY 201 N,,MOUNTAIN HOME,AR,72653,6509407280,2,"ANKIT AGARWAL, MD; JOHN SHUMWAY, MD",5.0,yes (office billing),2157.0,0.0,1.0,,,,2026,7416902572,1265935027;1629430376
WESTERN RADIATION ONCOLOGY INC,1401 10TH ST,SUITE F,ALAMOGORDO,NM,88310,6509407280,2,"ANKIT AGARWAL, MD; JOHN SHUMWAY, MD",5.0,yes (office billing),2157.0,0.0,1.0,,,,2026,7416902572,1265935027;1629430376
DANIEL TAHERI MD PC,1470 E CALVADA BLVD,SUITE 600,PAHRUMP,NV,89048,7757279800,1,"ANKIT AGARWAL, MD",16.0,yes (office billing),2157.0,0.0,1.0,,,,2025,8325142334,1629430376
OAKVIEW DERMATOLOGY,200 HERLONG AVE S,,ROCK HILL,SC,29732,7405664621,1,"ANKIT AGARWAL, MD",31.0,yes (office billing),2157.0,0.0,1.0,,,,2025,1254408610,1629430376
OAKVIEW DERMATOLOGY,2111 E STATE ST,,ATHENS,OH,45701,7405664621,1,"ANKIT AGARWAL, MD",31.0,yes (office billing),2157.0,0.0,1.0,,,,2025,1254408610,1629430376
OWENSBORO DERMATOLOGY ASSOCIATES PSC,2821 NEW HARTFORD RD,,OWENSBORO,KY,42303,2706855777,1,"ANKIT AGARWAL, MD",11.0,yes (office billing),2157.0,0.0,1.0,,,,2025,0547220402,1629430376
"PIEDMONT DERMATOLOGY CENTER, PC",314 FAIRY ST EXT,SUITE D,MARTINSVILLE,VA,24112,2766668439,1,"ANKIT AGARWAL, MD",2.0,yes (office billing),2157.0,0.0,1.0,,,,2025,5991781650,1629430376
UROLOGICAL SURGEONS OF NORTHERN CALIFORNIA INC,320 DARDANELLI LN,23B,LOS GATOS,CA,95032,4088662500,1,"ANKIT AGARWAL, MD",3.0,yes (office billing),2157.0,0.0,1.0,,,,2025,4587720537,1629430376
WESTERN RADIATION ONCOLOGY INC,823 82ND PKWY,,MYRTLE BEACH,SC,29572,6509407280,1,"ANKIT AGARWAL, MD",5.0,yes (office billing),2157.0,0.0,1.0,,,,2025,7416902572,1629430376
ADVOCATE RADIATION ONCOLOGY LLC,201 E SAMPLE RD,,DEERFIELD BEACH,FL,33064,9547866838,3,"EVAN LANDAU, MD; GEORGES HOBEIKA, MD; THOMAS KLEIN, MD",21.0,yes (office billing),2124.0,0.0,1.0,,,,2025,1658613096,1184824088;1396902813;1669595518
ONCOLOGY ASSOCIATES OF OREGON P C,520 COUNTRY CLUB PKWY,,EUGENE,OR,97401,5416835001,5,"ALEXANDER BAGLEY, MD; EMILY DUNN, MD; HAIDY LEE, MD; MERIDETH WENDLAND, MD; THOMAS SROKA, MD",48.0,yes (office billing),2101.0,233.0,0.9001713796058269,,,,2025,7214924406,1477502813;1649625971;1700058021;1780902783;1922211424
EL PORTAL RADIATION ONCOLOGY CENTER,3303 M ST,,MERCED,CA,95348,2097263410,1,"ALIREZA MAHMOUDIEH, MD",5.0,yes (office billing),2090.0,0.0,1.0,,,,2025,3678637378,1720166309
CENTRAL ALABAMA RADIATION ONCOLOGY,4143 CARMICHAEL RD,,MONTGOMERY,AL,36106,3343952200,2,"ALEXANDER WHITLEY, MD; JOHN JARBOE",4.0,yes (office billing),2080.0,0.0,1.0,,,,2025,0345404471,1063648509;1447662804
"BROCKTON HOSPITAL, INC.; BROCKTON RADIATION ONCOLOGY",680 CENTRE ST,,BROCKTON,MA,02302,5089417000; 5089417450,4,"ALLEN ROSSETTI CHUNG, MD; MICHELE ALBERT, MD; NICKLAS OLDENBURG, MD; STEVEN LANE, MD",36.0,yes (office billing),2074.0,430.0,0.8282747603833865,,,,2025,4082504733; 5092876573,1285691972;1346235256;1669834552;1801899760
"RADIATION ONCOLOGY ASSOCIATES, INC.",825 N MAIN ST,,PROVIDENCE,RI,02904,4015219700,4,"ALLEN ROSSETTI CHUNG, MD; MICHELE ALBERT, MD; NICKLAS OLDENBURG, MD; STEVEN LANE, MD",4.0,yes (office billing),2074.0,430.0,0.8282747603833865,,,,2025,9335190446,1285691972;1346235256;1669834552;1801899760
WELL SPRING CANCER CENTER LLC,6600 66TH ST N,,PINELLAS PARK,FL,33781,7273430600,5,"DAVID BLOOM, MD; FRANK FRANZESE, MD; MATTHEW CULBERT, MD; STEPHEN SHAMP, MD; ZUCEL SOLC, MD",5.0,yes (office billing),2067.0,78.0,0.9636363636363636,,,,2025,1254418718,1336468461;1346709243;1376526269;1588045660;1881726008
DAYTON PHYSICIANS LLC,501 ATRIUM DR,SUITE 100,MIDDLETOWN,OH,45005,9372931622,2,"PRAVEENA CHERUVU, MD; RYAN STEINMETZ, MD",40.0,yes (office billing),2062.0,0.0,1.0,,,,2025,1456374859,1033300215;1902007651
GEORGETOWN RADIATION THERAPY CENTER,4033 HWY 17,SUITE 106,MURRELLS INLET,SC,29576,8435455600,2,"NICOLE ANDERSON, MD; ROBERT ZLOTECKI, MD",2.0,yes (office billing),2028.0,0.0,1.0,,,,2025,3678473477,1437331733;1821059338
CANCER CARE CENTERS OF BREVARD INC,13050 US HWY 1,,SEBASTIAN,FL,32958,7725891995,1,"RAHUL CHOPRA, MD",17.0,yes (office billing),2024.0,0.0,1.0,,,,2025,3274435102,1962665877
OARM SERVICES OF OREGON PC,1713 SW 24TH ST,,PENDLETON,OR,97801,5413042264,2,"CASE KETTING, MD; JOSHUA GARREN, MD",2.0,yes (office billing),2021.0,0.0,1.0,,,,2025,7315379567,1033193297;1437215886
COASTAL CAROLINA RADIATION ONCOLOGY PLLC,1988 S 16TH ST,,WILMINGTON,NC,28401,9106628440,8,"ALEX GOODING, MD; JAMES BROUGHMAN, MD; JOHN MCCOOL, MD; MICHAEL NICHOLS; MICHAEL PAPAGIKOS, MD; PATRICK MAGUIRE, MD; REX KITELEY, MD; TIFFANY MORGAN",11.0,yes (office billing),2006.0,140.0,0.934762348555452,,,,2025,1153322631,1053844423;1205463841;1447234570;1457377582;1467628644;1578981676;1831118660;1982997987
RADIATION ONCOLOGY ASSOCIATES P C,7910 W JEFFERSON BLVD,SUITE 110,FORT WAYNE,IN,46804,2604364116,8,"BRIAN CHANG, MD; CHARLES VU, MD; MARK RANCK, MD; NATHAN CANNON, MD; NATHAN COMSIA, MD; WESLEY RUSSELL, MD; XIAOFENG CHEN, MD; ZHIGANG YUAN, MD",9.0,yes (office billing),2006.0,1232.0,0.6195182211241507,,,,2025,8527041771,1194103317;1225343072;1245364926;1306256177;1366021461;1407010572;1508029497;1578710471
TAMPA BAY RADIATION ONCOLOGY PA,4031 UPPER CREEK DR,,SUN CITY CENTER,FL,33573,8136332733,4,"HARVEY GREENBERG, MD; JOHN KOVAL, MD; JOHN STEEL, MD; RANDY KAHN, MD",4.0,yes (office billing),2006.0,145.0,0.9325894932589494,,,,2025,2769465210,1083682488;1083682496;1639168529;1689699985
BMC COMMUNITY HOSPITAL CORPORATION,818 OAK ST,,BROCKTON,MA,02301,6177892244,1,"ANDRIS ZAULS, MD",2.0,yes (office billing),1992.0,0.0,1.0,,,,2025,2163953605,1437374121
PREMIER RADIATION ONCOLOGY ASSOCIATES LLC,3155 N MCMULLEN BOOTH RD,,CLEARWATER,FL,33761,7276699018,3,"ERIC BROOKS, MD; MICHAEL GAUWITZ, MD; TAGHRID ALTOOS",3.0,yes (office billing),1940.0,0.0,1.0,,,,2025,0143659664,1124255005;1447645577;1790752467
NORTH FLORIDA CANCER CENTER TALLAHASSEE LLC,2003 CENTRE POINTE BLVD,,TALLAHASSEE,FL,32308,8508782273,2,"ERIC CHUNG, MD; JOSHUA DAULT, MD",2.0,yes (office billing),1939.0,0.0,1.0,,,,2025,6800837048,1154775724;1427257823
,7379 W DESCHUTES AVE,SUITE 100,KENNEWICK,WA,99336,5099871800,1,"JUNO CHOE, MD",,yes (office billing),1922.0,0.0,1.0,,,,2025,,1700099439
CORPUS CHRISTI UROLOGY GROUP PLLC,601 TEXAN TRL,SUITE 100,CORPUS CHRISTI,TX,78411,3615614106,1,"JIM HSIANG, MD",12.0,yes (office billing),1921.0,0.0,1.0,,,,2025,0749239655,1164531273
RADIATION ONCOLOGY CONSULTANTS INC,1120 S UTICA AVE,,TULSA,OK,74104,9185798200,2,"CYNTHIA BRYANT, MD; DIANE HEATON, MD",2.0,yes (office billing),1900.0,408.0,0.8232235701906413,,,,2025,6901858372,1043244148;1629067962
RBS EVOLUTION OF OKLAHOMA LLC,1501 N FLORENCE AVE,SUITE 191,CLAREMORE,OK,74017,9182834078,2,"CYNTHIA BRYANT, MD; DIANE HEATON, MD",2.0,yes (office billing),1900.0,408.0,0.8232235701906413,,,,2025,5395007223,1043244148;1629067962
CARTI ONCOLOGY SOLUTIONS LLC,9500 KANIS RD,,LITTLE ROCK,AR,72205,5013121733,5,"CHERYL PAYNE, MD; CHRISTOPHER POPE, MD; CHRISTOPHER ROSS, MD; MATTHEW HARDEE, MD; XIANG GAO, MD",13.0,yes (office billing),1880.0,0.0,1.0,,,,2025,3173694619,1376530550;1487896973;1649267824;1912993619;1922288372
"ASSOCIATES IN RADIATION MEDICINE, PC",2121 MEDICAL PARK DR,SUITE 4,SILVER SPRING,MD,20902,8888465527,4,"HEATHER LEE, MD; JACQUELYN DUNMORE-GRIFFITH, MD; MATTHEW SNYDER, MD; SHEELA MODIN, MD",12.0,yes (office billing),1877.0,0.0,1.0,,,,2025,6204826332,1477519403;1518922459;1720018682;1831166487
"RADIATION ONCOLOGY CENTERS OF THE CAROLINAS, INC.",170 MEDICAL PARK RD,SUITE 100,MOORESVILLE,NC,28117,7042352580,8,"AARON WILD, MD; BRADLEY MCCALL, MD; JOHN HEINZERLING; JOHN KONEFAL, MD; JUSTIN HART; MICHAEL LECOMPTE, MD; TAYLOR CORRIHER, MD; YVONNE MACK, MD",14.0,yes (office billing),1839.0,842.0,0.6859380828049235,,,,2025,7810956380,1124397328;1144289752;1306045752;1316263353;1316906381;1326675273;1497377139;1801855259
,503 THOMPSON AVE,,EL DORADO,AR,71730,87086403184555,1,"VAN WOO, MD",,yes (office billing),1833.0,0.0,1.0,,,,2025,,1578502324
SOUND CANCER CARE PLLC,2940 S MERIDIAN,SUITE 100,PUYALLUP,WA,98373,2532003166,2,"KENNETH BERGMAN, MD; KEVIN SANDERS, MD",2.0,yes (office billing),1825.0,0.0,1.0,,,,2025,9739443391,1376554154;1669443032
RADIATION ONCOLOGY SPECIALISTS PC,11800 E 12 MILE RD,RADIATION ONCOLOGY SPEC PC,WARREN,MI,48093,5865735000,6,"AMR AREF, MD; ANNA RABBANI, MD; CYNTHIA BROWNE, MD; JULIAN JEBERAEEL, DO; MARIA VLACHAKI, MD; PAUL CHUBA, MD",6.0,yes (office billing),1824.0,580.0,0.7587354409317804,,,,2025,1355378753,1003832585;1255359766;1366443137;1740206200;1790300390;1801955976
NORTH MACOMB MRT CENTER LLC,1901 STAR BATT DR,,ROCHESTER HILLS,MI,48309,2488444000,6,"AMR AREF, MD; ANNA RABBANI, MD; CYNTHIA BROWNE, MD; JULIAN JEBERAEEL, DO; MARIA VLACHAKI, MD; PAUL CHUBA, MD",7.0,yes (office billing),1824.0,580.0,0.7587354409317804,,,,2025,6901973759,1003832585;1255359766;1366443137;1740206200;1790300390;1801955976
RADIATION ONCOLOGY SPECIALISTS PC,19229 MACK AVE,SUITE 10,GROSSE POINTE WOODS,MI,48236,3136473100,6,"AMR AREF, MD; ANNA RABBANI, MD; CYNTHIA BROWNE, MD; JULIAN JEBERAEEL, DO; MARIA VLACHAKI, MD; PAUL CHUBA, MD",6.0,yes (office billing),1824.0,580.0,0.7587354409317804,,,,2025,1355378753,1003832585;1255359766;1366443137;1740206200;1790300390;1801955976
,1133 COLLEGE AVE,SUITE E140,MANHATTAN,KS,66502,7855392500,1,"MARTIN BELL, MD",,yes (office billing),1824.0,0.0,1.0,,,,2025,,1447316047
VALLEY RADIATION ONCOLOGY,2490 S WOODWORTH LOOP,SUITE 150,PALMER,AK,99645,9072762400; 9077452900,4,"AARON KUSANO; DANIEL SEIBLE, MD; EWA ZABROCKA, MD; JOHN YORDY, MD",4.0,yes (office billing),1799.0,0.0,1.0,,,,2025,5395937064,1063711026;1407170467;1407350614;1427476340
ALASKA RADIATION ONCOLOGY SPECIALISTS INC,2841 DEBARR RD,SUITE 100,ANCHORAGE,AK,99508,9072762400,4,"AARON KUSANO; DANIEL SEIBLE, MD; EWA ZABROCKA, MD; JOHN YORDY, MD",4.0,yes (office billing),1799.0,0.0,1.0,,,,2025,9931391687,1063711026;1407170467;1407350614;1427476340
JOHNSON FAMILY CENTER FOR CANCER CARE,1440 E SHERMAN BLVD,,MUSKEGON,MI,49444,2316722008,9,"BORISLAV HRISTOV, MD; CAITLIN SCHONEWOLF, MD; ERIC RADANY, MD; EYAD ABU ISA, MD; JOHN BURNETT, MD; KENNETH KLEIN, MD; KYLE CUNEO, MD; MATTHEW TATE, MD; MICHAEL BISHOP, MD",10.0,yes (office billing),1783.0,425.0,0.8075181159420289,,,,2025,3678551637,1346346897;1396861936;1508089426;1548607278;1740464627;1780029363;1891736963;1932151420;1972672392
ROGER WILLIAMS RADIATION THERAPY LLC,50 MAUDE ST,,PROVIDENCE,RI,02908,4014562690,7,"DANIEL FASS, MD; JESSICA YANCEY, MD; JOHN COEN, MD; JONATHAN GLANZMAN, MD; MARTIN FUSS, MD; MICHAEL KATIN, MD; RASHMI BENDA, MD",6.0,yes (office billing),1782.0,459.0,0.7951807228915663,,,,2025,3476658188,1215049184;1649533175;1649766882;1710990312;1750334769;1811994999;1891720165
"ROGER WILLIAMS RADIATION THERAPY LLC; SOUTHERN NEW ENGLAND REGIONAL CANCER CENTER, LLC",115 CASS AVE,UNIT 1,WOONSOCKET,RI,02895,4013561701,6,"DANIEL FASS, MD; JESSICA YANCEY, MD; JOHN COEN, MD; JONATHAN GLANZMAN, MD; MARTIN FUSS, MD; RASHMI BENDA, MD",6.0,yes (office billing),1782.0,459.0,0.7951807228915663,,,,2025,3476658188; 8820049752,1215049184;1649533175;1649766882;1710990312;1750334769;1891720165
"TACOMA RADIATION ONCOLOGY CENTER INC, PS",1708 YAKIMA AVE,SUITE 115,TACOMA,WA,98405,2533638780,2,"DEAN MASTRAS, MD; WENDY GAO, MD",6.0,yes (office billing),1766.0,26.0,0.9854910714285714,,,,2025,1658260302,1477852218;1487625851
THE REGENTS OF THE UNIVERSITY OF CALIFORNIA,200 UCLA MED PLAZA,B265,LOS ANGELES,CA,90024,3108259304,25,"AFSHIN SAFA, MD; ALAN LEE, MD; ALBERT CHANG, MD; AMAR KISHAN; ANN RALDOW, MD; DAVID KHAN, MD; DREW MOGHANAKI, MD; JIE DENG, MD; JOANNE WEIDHAAS, MD; JOHN HEGDE, MD; KEKOA TAPARRA, MD; LUCA VALLE, MD; MICHAEL STEINBERG, MD; MICHAEL XIANG, MD; PUJA VENKAT, MD; RICKY SAVJANI, MD; ROBERT CHIN, MD; ROY VONGTAMA, MD; SARA KIM, MD; SAYANA SHAH, MD; STEVEN LAU, MD; SUSAN MCCLOSKEY, MD; TANIA KAPREALIAN, MD; TRUDY WU, MD; VISHRUTH REDDY, MD",32.0,yes (office billing),1755.0,1425.0,0.5518867924528302,,,,2025,3274573464,1043407992;1063859874;1083837058;1104089267;1144587742;1215399233;1225370232;1285072918;1295723294;1366778748;1427510866;1457355984;1477930519;1639663735;1649274150;1669538443;1790304509;1790789287;1811126840;1851405278;1851889562;1871869339;1952690398;1972793917;1982139499
MICHIANA HEMATOLOGY-ONCOLOGY P C,5340 HOLY CROSS PKWY,,MISHAWAKA,IN,46545,5742371328,3,"BINH TRAN, MD; GUY KEDZIORA, MD; RAMESH KUMAR, MD",13.0,yes (office billing),1748.0,0.0,1.0,,,,2025,3375513419,1184610602;1619977543;1922070796
OREGON UROLOGY INSTITUTE PC,1457 G ST,,SPRINGFIELD,OR,97477,5413343351,1,"BARRY BLYTON, MD",33.0,yes (office billing),1742.0,0.0,1.0,,,,2025,6608766399,1518923986
ROCKY MOUNTAIN ONCOLOGY CENTER LLC,6501 E 2ND ST,,CASPER,WY,82609,3072355433,1,"JOHN PURVIANCE, MD",8.0,yes (office billing),1724.0,169.0,0.9107237189646065,,,,2025,6709879174,1437279692
"SOUTH GEORGIA CENTER FOR CANCER CARE, LLC",27 COACH LEE HILL BLVD,,STATESBORO,GA,30458,9127643037,2,"AARON PEDERSON, MD; MICHAEL HASSELLE, MD",2.0,yes (office billing),1711.0,451.0,0.7913968547641073,,,,2025,0244501054,1326211459;1770741928
"COASTAL CANCER CARE, LLC",4700 WATERS AVE,,SAVANNAH,GA,31404,9123508490,2,"AARON PEDERSON, MD; MICHAEL HASSELLE, MD",2.0,yes (office billing),1711.0,451.0,0.7913968547641073,,,,2025,7315182169,1326211459;1770741928
"ARIZONA BLOOD AND CANCER SPECIALISTS, PLLC",5670 N PROFESSIONAL PARK DR,SUITE 120,TUCSON,AZ,85704,5206140824,1,"ANDREW ORTON, MD",15.0,yes (office billing),1705.0,0.0,1.0,,,,2026,4082957428,1053731356
,5900 LAKE WRIGHT DR,SUITE 300,NORFOLK,VA,23502,,1,"VICTOR ARCHIE, MD",,yes (office billing),1689.0,0.0,1.0,,,,2025,,1710970017
MINNEAPOLIS RADIATION ONCOLOGY PA,201 E NICOLLET BLVD,,BURNSVILLE,MN,55337,9524358668,3,"KURT NISI, MD; RAUL FERNANDEZ-GONZALEZ, MD; RICHARD DIAZ, MD",18.0,yes (office billing),1681.0,0.0,1.0,,,,2025,8527951094,1225269020;1831190412;1881686491
MINNEAPOLIS RADIATION ONCOLOGY PA,215 IVY ST,,BRAINERD,MN,56401,2188287585,3,"MICHAEL HALEY, DO; NATHAN HILTON, MD; RICHARD DIAZ, MD",18.0,yes (office billing),1681.0,308.0,0.845148315736551,,,,2025,8527951094,1770526188;1831190412;1962600346
"PROTON INTERNATIONAL - DELRAY, LLC; TIM R WILLIAMS MD PA",5280 LINTON BLVD,,DELRAY BEACH,FL,33484,5613236498,4,"NAOMI SCHECHTER, MD; ROBERT MALYAPA, MD; SCOTT GASIOREK, MD; TIMOTHY WILLIAMS, MD",4.0,yes (office billing),1680.0,0.0,1.0,,,,2025,2769737261; 3678811759,1093757973;1194790253;1295796761;1790731446
"TACOMA RADIATION ONCOLOGY CENTER INC, PS",400 15TH AVE SE,SUITE A,PUYALLUP,WA,98372,2538414311,2,"NATHAN BITTNER, MD; WENDY GAO, MD",6.0,yes (office billing),1657.0,29.0,0.9827995255041518,,,,2025,1658260302,1477852218;1609989714
,89 SPARTA AVE,,SPARTA,NJ,07871,9737297001,1,"KATHY LO, MD",,yes (office billing),1652.0,0.0,1.0,,,,2025,,1306065479
BEVERLY HILLS ONCOLOGY MEDICAL GROUP INC,8900 WILSHIRE BLVD,,BEVERLY HILLS,CA,90211,3104328990,1,"ROSALYN MORRELL, MD",8.0,yes (office billing),1650.0,0.0,1.0,,,,2025,5193807576,1700871860
NORTHERN ILLINOIS CANCER TREATMENT CENTER,327 IL ROUTE 2,,DIXON,IL,61021,8152841111,2,"ROBY LAL, DO; SALEH HATOUM, MD",2.0,yes (office billing),1648.0,134.0,0.9248035914702581,,,,2025,6709834567,1396284717;1811983489
LEXINGTON RADIATION THERAPY CENTER PSC,1401 HARRODSBURG RD,SUITE A100,LEXINGTON,KY,40504,8592586700,2,"FALGUNI AMIN-ZIMMERMAN, MD; ROBERT LAVEY, MD",3.0,yes (office billing),1634.0,0.0,1.0,,,,2025,3274439765,1285626283;1932209855
CARTI ONCOLOGY SOLUTIONS LLC,3400 SPRINGHILL DR,,NORTH LITTLE ROCK,AR,72117,5019063000,4,"CHERYL PAYNE, MD; CHRISTOPHER ROSS, MD; MATTHEW HARDEE, MD; XIANG GAO, MD",13.0,yes (office billing),1630.0,0.0,1.0,,,,2025,3173694619,1376530550;1487896973;1912993619;1922288372
TEXAS CANCER INSTITUTE,11111 RESEARCH BLVD,,AUSTIN,TX,78759,5125184673,3,"AHMAD GHAFOORI, MD; JOSHUA KOVOOR, MD; SHANNON COX, MD",4.0,yes (office billing),1627.0,0.0,1.0,,,,2025,6002290186,1134392152;1386614022;1548897705
TEXAS CANCER INSTITUTE,1400 N IH 35,,AUSTIN,TX,78701,5125184673,3,"AHMAD GHAFOORI, MD; JOSHUA KOVOOR, MD; SHANNON COX, MD",4.0,yes (office billing),1627.0,0.0,1.0,,,,2025,6002290186,1134392152;1386614022;1548897705
PARAGON CHICO MEDICAL GROUP INC,74000 CNTY CLUB DR,,PALM DESERT,CA,92260,7603682000,2,"PERRY ZONG, MD; PETER GREENBERG, MD",10.0,yes (office billing),1625.0,0.0,1.0,,,,2025,2668807785,1548729502;1568552859
UROLOGY ASSOCIATES INC,10450 PARK MEADOWS DR,SUITE 202,LONE TREE,CO,80124,3037338848,3,"BENJAMIN FISCHER VALUCK, MD; JOHN STAMATO, MD; THOMAS PUGH, MD",21.0,yes (office billing),1621.0,105.0,0.9391657010428737,,,,2025,1456242502,1023351673;1174679799;1225080831
MID-FLORIDA CANCER CENTERS LLC,2776 ENTERPRISE RD,SUITE 100,ORANGE CITY,FL,32763,3867741223,1,"GARY GRAHAM, MD",13.0,yes (office billing),1603.0,0.0,1.0,,,,2025,4880584135,1538160692
,218 SIDNEY BAKER N,,KERRVILLE,TX,78028,8302572070,1,"VALERIAN CHYLE, MD",,yes (office billing),1590.0,0.0,1.0,,,,2025,,1710925649
UPMC AND THE WASHINGTON HOSPITAL CANCER CENTER,155 WILSON AVE,,WASHINGTON,PA,15301,7242233788,8,"CARL JUENG, MD; MICHAEL DOUGHERTY, MD; ROBERT PIROLI, MD; STEVEN BURTON, MD; STEVEN MANDISH, MD; TYLER WILHITE, MD; YOSHIO ARAI, MD; ZIAD FAWAZ, MD",9.0,yes (office billing),1584.0,408.0,0.7951807228915663,,,,2025,5991702391,1265941801;1306817564;1518072701;1528030715;1700263274;1730180662;1730535287;1942271242
THE REGENTS OF THE UNIVERSITY OF CALIFORNIA,860 PARK VIEW DR N,,EL SEGUNDO,CA,90245,3107947301,13,"ALAN LEE, MD; DREW MOGHANAKI, MD; JIE DENG, MD; JOHN HEGDE, MD; KEKOA TAPARRA, MD; LUCA VALLE, MD; MICHAEL STEINBERG, MD; RICKY SAVJANI, MD; SARA KIM, MD; STEVEN LAU, MD; SUSAN MCCLOSKEY, MD; TRUDY WU, MD; VISHRUTH REDDY, MD",32.0,yes (office billing),1565.0,569.0,0.7333645735707591,,,,2026,3274573464,1063859874;1215399233;1225370232;1285072918;1427510866;1457355984;1639663735;1669538443;1790304509;1811126840;1851405278;1851889562;1982139499
,2895 EDINGER AVE,,TUSTIN,CA,92780,9493815800,2,"PAUL KIM, MD; VIJAYKUMAR KINI, MD",,yes (office billing),1563.0,0.0,1.0,,,,2025,,1417940198;1629205190
NORTHWEST WASHINGTON RADIATION ONCOLOGY,1717 13TH ST,SUITE 200,EVERETT,WA,98201,4252975590,5,"AARON BROWN; DARREN LITTLE, MD; MICHAEL TAYLOR, MD; WILLIAM HALL, MD; WILLIAM WISBECK, MD",5.0,yes (office billing),1552.0,596.0,0.7225325884543762,,,,2025,4183518038,1639137342;1659339356;1720401946;1790768513;1871596502
KOMAL DESAI MD INC,4500 MORNING DR,SUITE 105,BAKERSFIELD,CA,93306,6614915060,2,"AJAY DESAI; DAN ISHIHARA, MD",2.0,yes (office billing),1551.0,0.0,1.0,,,,2025,8527467109,1124015706;1679816920
THE NEW YORK PROTON CENTER,225 E 126TH ST,,NEW YORK,NY,10035,6469689064,25,"ANTHONY NEHLSEN; ARPIT CHHABRA, MD; CHARLES SIMONE, MD; CHRISTOPHER BARKER, MD; CHRISTOPHER CRANE, MD; CHRISTOPHER JACKSON, MD; DEBORAH MARSHALL, MD; IRINI YACOUB, MD; JANA FOX, MD; JEHEE CHOI, MD; JUSTIN TANG, MD; KALED ALEKTIAR, MD; KARIN SKALINA, MD; KEYUR MEHTA, MD; KRISTIN HSIEH, MD; KUNAL SINDHU, MD; MADHUR GARG, MD; MATTHEW MCMILLAN, MD; NANCY LEE, MD; NAREK SHAVERDIAN, MD; NITIN OHRI, MD; RICHARD BAKST, MD; STANISLAV LAZAREV, MD; SUZANNE WOLDEN, MD; YOSHIYA YAMADA, MD",45.0,yes (office billing),1548.0,513.0,0.7510917030567685,,,,2025,2466780218,1104453554;1144200791;1144753567;1154467363;1215018643;1225334865;1235339326;1255862017;1265402473;1316032899;1336501220;1336566272;1346499431;1396006599;1508109695;1528226339;1548230741;1568966810;1578192001;1598385635;1598959058;1619260056;1619385747;1790311843;1932189412
OCALA ONCOLOGY CENTER PL,2100 STATE AVE,,PANAMA CITY,FL,32405,8507630036,2,"BRIAN CENTER, MD; STEVEN STOKES, MD",23.0,yes (office billing),1541.0,187.0,0.8917824074074074,,,,2025,6901950856,1780752881;1790908796
GORDON GRADO MD INC,2800 CAMPUS DR,SUITE 44,PLYMOUTH,MN,55441,4806146300,1,"GORDON GRADO, MD",5.0,yes (office billing),1526.0,0.0,1.0,,,,2025,3971581166,1225092745
JOHN A SHIELDS MD AND STEVEN A SCHIFF MD A PROFESSIONAL CORPORATION,5423 RENO CORPORATE DR,,RENO,NV,89511,7753290873,2,"ALEXANDER LIN, MD; JAIME SHUFF, MD",20.0,yes (office billing),1523.0,0.0,1.0,,,,2025,6507757572,1275627002;1962898759
COCHISE ONCOLOGY LLC,5151 E HWY 90,,SIERRA VISTA,AZ,85635,5208036644,2,"JANET NETTLETON, MD; RAMESH VEDULA, MD",6.0,yes (office billing),1515.0,0.0,1.0,,,,2025,2567474083,1285698720;1881630895
"ONCOLOGY CONSULTANTS, P. A.",10405 KATY FWY,SUITE 120,HOUSTON,TX,77024,7137229660,3,"ANGEL BLANCO, MD; NGOC PHAM, MD; TSE-KUAN YU, MD",34.0,yes (office billing),1497.0,146.0,0.9111381618989653,,,,2025,8325936081,1396841268;1447240593;1912342908
HAMPTON ROADS PROTON BEAM THERAPY,40 ENTERPRISE PKWY,,HAMPTON,VA,23666,7572516815,3,"ALLAN THORNTON, MD; CHRISTOPHER SINESI; TYVIN RICH, MD",3.0,yes (office billing),1497.0,0.0,1.0,,,,2025,8224225610,1235191677;1487785564;1649256579
"ASSOCIATES IN RADIATION MEDICINE, PC",11006 VEIRS MILL RD,SUITE L1,WHEATON,MD,20902,3016814422,3,"HEATHER LEE, MD; MATTHEW SNYDER, MD; SHEELA MODIN, MD",12.0,yes (office billing),1494.0,0.0,1.0,,,,2025,6204826332,1477519403;1518922459;1720018682
"ASSOCIATES IN RADIATION MEDICINE, PC",8116 GOOD LUCK RD,SUITE LL05,LANHAM,MD,20706,8888465527,3,"HEATHER LEE, MD; JACQUELYN DUNMORE-GRIFFITH, MD; MATTHEW SNYDER, MD",12.0,yes (office billing),1485.0,0.0,1.0,,,,2025,6204826332,1518922459;1720018682;1831166487
"COASTAL BEND CANCER CENTER, PA",5701 S PADRE ISLAND DR,,CORPUS CHRISTI,TX,78412,3618870067,1,"TRAVIS THOMPSON, MD",6.0,yes (office billing),1469.0,0.0,1.0,,,,2025,6002954690,1164472676
RBS EVOLUTION OF ALASKA LLC,188 W NORTHERN LIGHTS BLVD,SUITE 100,ANCHORAGE,AK,99503,9075622002,4,"JOHN HALLIGAN, MD; LARRY DAUGHERTY, MD; MICHAEL GREEN, MD; ROBERT SOLLACCIO, MD",10.0,yes (office billing),1468.0,131.0,0.9180737961225766,,,,2025,3274777974,1053722918;1407011208;1942202981;1982676284
CLEARWATER RADIATION ONCOLOGY LLC,3280 N MCMULLEN BOOTH RD,SUITE 150,CLEARWATER,FL,33761,7279664673,2,"HIRAL SHAH, MD; RAHUL BHANDARI, MD",2.0,yes (office billing),1459.0,0.0,1.0,,,,2025,3577931088,1073953493;1679513295
"TEXAS REGIONAL UROLOGY, PLLC",201 KINGWOOD MEDICAL DR,SUITE B300,KINGWOOD,TX,77339,2815701391,1,"JASON BERILGEN, MD",5.0,yes (office billing),1454.0,77.0,0.9497060744611365,,,,2026,9335310267,1972707578
NORTHEASTERN MICHIGAN CANCER CENTER,1501 W CHISHOLM ST,,ALPENA,MI,49707,9893567353,6,"BORISLAV HRISTOV, MD; JULIE FORSTNER, MD; KATHLEEN SETTLE-LADONNA, MD; MUAYAD ALMAHARIQ; THOMAS QUINN, MD; TRACY NASSIF, MD",5.0,yes (office billing),1447.0,294.0,0.8311315336013785,,,,2025,0840285904,1093195844;1518001163;1841640182;1912922824;1972672392;1982275095
SUSAN REISINGER MD PROF CORP,3006 S MARYLAND PKWY,SUITE 100,LAS VEGAS,NV,89109,7028945100,2,"DUSTIN BOYER, MD; PAUL TREADWELL, MD",3.0,yes (office billing),1440.0,0.0,1.0,,,,2025,2163464595,1174592927;1538142591
COMMUNITY CANCER FOUNDATION,2880 NW STEWART PKWY,SUITE 100,ROSEBURG,OR,97471,5416732267,2,"DAVID GALLARDO, MD; MICHAEL MARIETTA, MD",3.0,yes (office billing),1432.0,236.0,0.8585131894484412,,,,2025,1951345347,1114913282;1669823985
CANCER NETWORK OF WEST CENTRAL OHIO,900 HAVEMANN RD,,CELINA,OH,45822,4195841900,3,"ALAN SCHULSINGER, MD; MICHAEL BISHOP, MD; SANDRA HERRINGTON, MD",3.0,yes (office billing),1406.0,417.0,0.7712561711464618,,,,2025,3072401249,1093793655;1104809904;1548607278
,892 TRUSSLER PL,,RAHWAY,NJ,07065,7323825550,1,"ERIC KARP, MD",,yes (office billing),1402.0,0.0,1.0,,,,2025,,1811972607
CANCER CENTER OF HAWAII LLC,98 -1005 MOANALUA RD,SPC 4010,AIEA,HI,96701,8086285684,2,"RICHARD LEE, MD; SUSIE CHEN, MD",6.0,yes (office billing),1394.0,0.0,1.0,,,,2025,4981673514,1164609517;1922261718
RBS EVOLUTION OF ALASKA LLC,2250 S WOODWORTH LOOP,SUITE 100,PALMER,AK,99645,9077071333,3,"JOHN HALLIGAN, MD; LARRY DAUGHERTY, MD; ROBERT SOLLACCIO, MD",10.0,yes (office billing),1390.0,131.0,0.9138724523339908,,,,2025,3274777974,1407011208;1942202981;1982676284
MINNEAPOLIS RADIATION ONCOLOGY PA,7401 METRO BLVD,SUITE 210,EDINA,MN,55439,,1,"DANIEL WATTSON, MD",18.0,yes (office billing),1386.0,0.0,1.0,,,,2025,8527951094,1386872547
COLLABORATIVE RADIATION ONCOLOGY PLLC; GENESYS HURLEY CANCER INSTITUTE,302 KENSINGTON AVE,,FLINT,MI,48503,8107628058; 8107628490,3,"ANJALI SARIPALLI, MD; PAUL KOCHERIL, MD; TUSHAR SHAH, MD",3.0,yes (office billing),1380.0,0.0,1.0,,,,2025,0042508426; 4284537440,1467912477;1548298375;1568449395
RADIATION ONCOLOGY CENTER - ZACHARY LLC,6180 MAIN ST,SUITE B,ZACHARY,LA,70791,2255701212,3,"CHARLES WOOD, MD; DIVYANG MEHTA, MD; MAURICE KING, MD",3.0,yes (office billing),1362.0,132.0,0.9116465863453815,,,,2025,2163652975,1285833608;1629497888;1740346543
"NORMAN H. ANDERSON, MD, PA",1540 CLEMENTE CT,,THE VILLAGES,FL,32159,3522592200,1,"AHMET TUNCEROGLU, MD",10.0,yes (office billing),1350.0,0.0,1.0,,,,2025,0749271112,1578806352
RBS EVOLUTION OF JUNEAU LLC,1701 SALMON CREEK LN,,JUNEAU,AK,99801,9075867762,2,"EUGENE HUANG, MD; LARRY DAUGHERTY, MD",2.0,yes (office billing),1338.0,0.0,1.0,,,,2025,7315173358,1407011208;1972626927
,1901 HOLSER WALK,SUITE 305,OXNARD,CA,93036,8054852824,1,"ROBERT LUM, MD",,yes (office billing),1330.0,0.0,1.0,,,,2025,,1770589707
MOJAVE RADIATION ONCOLOGY MEDICAL GROUP INC,18280 SISKIYOU RD,,APPLE VALLEY,CA,92307,7602429999,1,"SHAHID LATIF, MD",2.0,yes (office billing),1326.0,0.0,1.0,,,,2025,2860446143,1629022553
ONSLOW RADIATION ONCOLOGY LLC,317 WESTERN BLVD,,JACKSONVILLE,NC,28546,9105774900,2,"BRYCE LORD, DO; DARREL ROSS, MD",2.0,yes (office billing),1324.0,0.0,1.0,,,,2025,6103940424,1396776464;1679668735
ST LUKES CORNWALL JV LLC,15 LAUREL AVE,SUITE 100,CORNWALL,NY,12518,8454589000,2,"JOHNNY YAP, MD; SHANA COPLOWITZ, MD",2.0,yes (office billing),1318.0,0.0,1.0,,,,2025,8224186689,1538321542;1790766269
,8787 BRYAN DAIRY RD,SUITE 120,LARGO,FL,33777,7273200200,1,"KEVIN TRALINS, MD",,yes (office billing),1316.0,0.0,1.0,,,,2025,,1598711392
,127 S 13TH AVE,,LAUREL,MS,39440,6014252999,1,"LOYD PIMPERL, MD",,yes (office billing),1310.0,0.0,1.0,,,,2025,,1457364556
,520 TECHWOOD DR N,SUITE 200,DANVILLE,KY,40422,8592369819,1,"GREGORY CARLSEN, MD",,yes (office billing),1304.0,0.0,1.0,,,,2025,,1306831516
ALBERT C MAK MD INC,707 S GARFIELD AVE,SUITE B002,ALHAMBRA,CA,91801,6262272777,2,"ALBERT MAK, MD; ANA GRACE, MD",2.0,yes (office billing),1296.0,0.0,1.0,,,,2025,7113960048,1770697492;1902910904
MINNEAPOLIS RADIATION ONCOLOGY PA,1475 SAINT FRANCIS AVE,,SHAKOPEE,MN,55379,9524282663,4,"JENNA BORKENHAGEN, MD; MARK BISIGNANI, MD; NELSON ADAMSON, MD; RICHARD DIAZ, MD",18.0,yes (office billing),1282.0,0.0,1.0,,,,2025,8527951094,1114345279;1487655882;1720155336;1831190412
MOUNTAIN VIEW CANCER ASSOCIATES,200 VILLAGE DR,,GREENSBURG,PA,15601,7248381900,4,"ADAM OLSON, MD; BHANU PRASAD VENKATESULU, MD; IGOR POLTINNIKOV, MD; MARSHA LOALBO, MD",4.0,yes (office billing),1275.0,122.0,0.9126700071581961,,,,2025,5597666792,1003868159;1154565737;1275093734;1477819670
RADIATION ONCOLOGY NETWORK OF SOUTHERN CALIFORNIA,1410 S LA BRUCHERIE RD,SUITE B,EL CENTRO,CA,92243,7603395620,1,"YUJI SEO, MD",5.0,yes (office billing),1269.0,0.0,1.0,,,,2025,3870906092,1740493774
AMERICAN ONCOLOGIC ASSOCIATES OF MICHIGAN PC,28595 ORCHARD LAKE RD,SUITE 110,FARMINGTON HILLS,MI,48334,2485530606,1,"FRANK VICINI, MD",9.0,yes (office billing),1253.0,0.0,1.0,,,,2025,3577558980,1871553826
GEORGIA PROTONCARE CENTER INC.,615 PEACHTREE ST NE,,ATLANTA,GA,30368,4107064919,28,"AMIT JETHANANDANI; ASHESH JANI, MD; BREE EATON, MD; BRUCE HERSHATTER, MD; HUI-KUO SHU, MD; JAMES BATES, MD; JILL REMICK, MD; JIM ZHONG, MD; JOSEPH SHELTON, MD; KAMRAN SALARI, MD; KAREN GODETTE, MD; KATHERINE MARTIN, MD; KRISTIN WARD; LISA SUDMEIER, MD; MARK MCDONALD, MD; MOHAMMAD KHAN; NABA ALI, MD; NATIA ESIASHVILI, MD; NIKHIL SEBASTIAN, MD; PRETESH PATEL, MD; ROHINI BHATIA; SAGAR PATEL; SIBO TIAN, MD; SOUMON RUDRA, MD; SUNIL DUTTA; TONY ENG; WILLIAM STOKES, MD; ZACHARY BUCHWALD, MD",30.0,yes (office billing),1251.0,994.0,0.557238307349666,,,,2025,0749524312,1023577350;1073992038;1093721029;1093990350;1104453083;1144408287;1164984605;1184187015;1275640260;1306231477;1306379409;1306803051;1346280575;1417391962;1477597656;1487823654;1497140552;1659767739;1699333252;1720585482;1750543807;1801282850;1811330731;1861629107;1861830234;1861887317;1902291990;1952316697
SLIDELL MEMORIAL HOSPITAL,1001 GAUSE BLVD,SUITE 45,SLIDELL,LA,70458,,1,"DANIEL BOURGEOIS, MD",2.0,yes (office billing),1236.0,0.0,1.0,,,,2025,1456335942,1043568991
"LEBANON RADIATION ONCOLOGY CENTER, LLC",101 PHYSICIANS WAY,SUITE 111,LEBANON,TN,37090,6152358700,10,"ANDREW CAMARATA, MD; CHASE ESCOTT, MD; DANIEL WAKEFIELD, MD; ELEANOR OSBORNE, MD; JEFFREY FRIEDMAN, MD; JOHN PHILLIPS, MD; JOSHUA MONDSCHEIN, MD; MARK SITTIG, MD; SCOTT STRICKLER; ZACHARY MAYO, MD",11.0,yes (office billing),1213.0,759.0,0.6151115618661258,,,,2026,7719406917,1003265539;1043744477;1124239421;1154648426;1154687499;1174693063;1235427220;1275951519;1639632839;1659735298
,501 LAKEHURST RD,,TOMS RIVER,NJ,08755,7322400053,1,"BRYAN EGGERT, MD",,yes (office billing),1208.0,0.0,1.0,,,,2025,,1538459995
BEACON CANCER CARE PLLC,1641 E POLSTON AVE,SUITE 102,POST FALLS,ID,83854,2087552804,3,"DAVID BOYCE, MD; JONATHAN SHARRETT, DO; LINDA GROSSHEIM, MD",15.0,yes (office billing),1206.0,81.0,0.9370629370629371,,,,2025,6901158773,1265961908;1275910960;1548211360
RADIATION ONCOLOGY AFFILIATES OF MARYLAND,7501 OSLER DR,SUITE G04,TOWSON,MD,21204,4104272525,2,"JASON CITRON, MD; STEPHEN RONSON, MD",5.0,yes (office billing),1201.0,278.0,0.8120351588911426,,,,2025,0244298727,1770586810;1861604589
FAYETTE ONCOLOGY ASSOCIATES,51 BREWER DR,,UNIONTOWN,PA,15401,7244372503,5,"CARL JUENG, MD; DARLENE GABEAU, MD; MARSHALL SKLAR, MD; ROBERT PIROLI, MD; SRINIVAS KOTTAPALLY, MD",5.0,yes (office billing),1195.0,200.0,0.8566308243727598,,,,2025,1052201589,1184605016;1225042351;1518072701;1730180662;1962404343
"CLEVELAND UROLOGY ASSOCIATES, INC",10500 ANTENUCCI BOULEVARD,SUITE 101,GARFIELD HEIGHTS,OH,44125,4408916500,2,"JON PRESCOTT, MD; MARTIN RIBOVICH, MD",9.0,yes (office billing),1190.0,0.0,1.0,,,,2025,6507753688,1437141207;1992797989
SPOKANE UROLOGY PLLC,1401 E TRENT AVE,SUITE 200,SPOKANE,WA,99202,5097473147,1,"KARIE-LYNN KELLY, MD",24.0,yes (office billing),1189.0,0.0,1.0,,,,2026,5991603367,1417027640
MEDICAL ONCOLOGY ASSOCIATES PS,6001 N MAYFAIR ST,,SPOKANE,WA,99208,5094622273,1,"KARIE-LYNN KELLY, MD",10.0,yes (office billing),1189.0,0.0,1.0,,,,2025,6901890243,1417027640
METRO CHICAGO SURGICAL ONCOLOGY LLC,3201 OLD GLENVIEW RD,SUITE 100,WILMETTE,IL,60091,8476736505,1,"TIMOTHY HOLLISTER, MD",13.0,yes (office billing),1186.0,0.0,1.0,,,,2025,7214107069,1669528428
,2007 ROCK SPRING RD,,FOREST HILL,MD,21050,4108387232,1,"VLADIMIR IOFFE, MD",,yes (office billing),1183.0,0.0,1.0,,,,2025,,1700824794
,3201 SW 33RD RD,,OCALA,FL,34474,3522820232,1,"RAVICHANDRA SANDRAPATY, MD",,yes (office billing),1183.0,0.0,1.0,,,,2026,,1467405209
"ANNE ARUNDEL UROLOGY, PA",600 RIDGELY AVE,SUITE 130,ANNAPOLIS,MD,21401,4102668049,1,"VLADIMIR IOFFE, MD",33.0,yes (office billing),1183.0,0.0,1.0,,,,2025,9032178918,1700824794
,7503 GREENWAY CTR DR,,GREENBELT,MD,20770,3014463540,1,"VLADIMIR IOFFE, MD",,yes (office billing),1183.0,0.0,1.0,,,,2025,,1700824794
AFFILIATED ONCOLOGISTS LLC,17750 S KEDZIE AVE,,HAZEL CREST,IL,60429,7087999995,3,"COREY FOSTER, MD; HARSHA VARADHI, MD; PAUL CROSSAN, MD",43.0,yes (office billing),1174.0,216.0,0.8446043165467626,,,,2025,2365606563,1063806990;1669465936;1699931527
NEBRASKA HEMATOLOGY-ONCOLOGY PC,8001 EIGER DR,NEBRASKA HEMATOLOGY ONCOLOGY,LINCOLN,NE,68516,4029047135,1,"KEVIN YIEE, MD",19.0,yes (office billing),1169.0,0.0,1.0,,,,2025,9638083330,1831301381
,19 COOKE ST,,POUGHKEEPSIE,NY,12601,8454857767,1,"MICHAEL PEREIRA, MD",,yes (office billing),1150.0,0.0,1.0,,,,2025,,1578675112
"GREATER HOUSTON RADIATION ONCOLOGY, P.A.",11950 GALVESTON RD,,HOUSTON,TX,77034,7135123200,4,"KIRK KANADY, MD; MARIA SOSA, MD; NIMI TUAMOKUMO, MD; THEODORE YANG, MD",4.0,yes (office billing),1145.0,179.0,0.8648036253776435,,,,2025,7416925938,1033141569;1427072610;1689674483;1720089451
2406 CANCER CARE LLC,2406 BELLEVUE RD,SUITE 7,DUBLIN,GA,31021,4782722255,2,"AARON WILLIAMS, MD; ERICH RANDOLPH, MD",2.0,yes (office billing),1144.0,0.0,1.0,,,,2025,7719359249,1184691016;1598703456
FLORIDA PROTON THERAPY INSTITUTE INC,2015 JEFFERSON ST,,JACKSONVILLE,FL,32206,9045881800,9,"CURTIS BRYANT, MD; DANIEL INDELICATO, MD; JULIE BRADLEY, MD; LUCAS SAPIENZA, MD; NANCY MENDENHALL, MD; ROI DAGAN, MD; ROMAINE NICHOLS, MD; SAMUEL JEAN-BAPTISTE, MD; WILLIAM MENDENHALL, MD",12.0,yes (office billing),1142.0,0.0,1.0,,,,2025,0749285609,1356431688;1407817927;1497316640;1528020708;1588837793;1679555270;1952508491;1962662775;1992265557
,1514 E UNION ST,ALLIANCE CANCER CENTER,GREENVILLE,MS,38703,6623326150,1,"GREGG DICKERSON, MD",,yes (office billing),1136.0,0.0,1.0,,,,2025,,1699777854
THE REGENTS OF THE UNIVERSITY OF CALIFORNIA,757 WESTWOOD PLZ,,LOS ANGELES,CA,90095,3108258021,14,"ALAN LEE, MD; DREW MOGHANAKI, MD; JIE DENG, MD; JOHN HEGDE, MD; KEKOA TAPARRA, MD; LUCA VALLE, MD; MICHAEL STEINBERG, MD; MICHAEL XIANG, MD; RICKY SAVJANI, MD; ROBERT CHIN, MD; STEVEN LAU, MD; SUSAN MCCLOSKEY, MD; TRUDY WU, MD; VISHRUTH REDDY, MD",32.0,yes (office billing),1119.0,701.0,0.6148351648351649,,,,2025,3274573464,1043407992;1063859874;1215399233;1225370232;1285072918;1427510866;1457355984;1477930519;1639663735;1669538443;1790304509;1811126840;1851889562;1982139499
THE REGENTS OF THE UNIVERSITY OF CALIFORNIA,27235 TOURNEY RD,SUITE 1400,VALENCIA,CA,91355,6612870010,12,"ALAN LEE, MD; DREW MOGHANAKI, MD; JIE DENG, MD; JOHN HEGDE, MD; LUCA VALLE, MD; MICHAEL STEINBERG, MD; MICHAEL XIANG, MD; RICKY SAVJANI, MD; STEVEN LAU, MD; SUSAN MCCLOSKEY, MD; TRUDY WU, MD; VISHRUTH REDDY, MD",32.0,yes (office billing),1119.0,569.0,0.6629146919431279,,,,2025,3274573464,1063859874;1215399233;1225370232;1285072918;1427510866;1457355984;1477930519;1639663735;1669538443;1811126840;1851889562;1982139499
"PRECISION RADIATION ONCOLOGY, LLC.",6030 HOLLYWOOD BLVD,SUITE 100,PEMBROKE PINES,FL,33024,9543227200,2,"HOKE HAN, MD; MICHAEL HALL, MD",2.0,yes (office billing),1119.0,0.0,1.0,,,,2025,9739415399,1386931764;1730176694
COBRE VALLEY REGIONAL MEDICAL CENTER,5880 S HOSPITAL DR,,GLOBE,AZ,85501,9284253247,1,"STEVEN SCKOLNIK, MD",40.0,yes (office billing),1112.0,194.0,0.8514548238897397,,,,2025,0648181693,1881956894
MINNEAPOLIS RADIATION ONCOLOGY PA,560 S MAPLE ST,SUITE 10,WACONIA,MN,55387,9524426000,1,"STEPHANIE CHILDS, MD",18.0,yes (office billing),1106.0,0.0,1.0,,,,2025,8527951094,1528267853
CANCER THERAPY MEDICAL GROUP INC,301 PROFESSIONAL CTR DR,,ROHNERT PARK,CA,94928,7075842200,4,"IRWIN LEE, MD; MARC FIELDS, MD; NIKHIL RAO, MD; PETER HAWKINS, MD",12.0,yes (office billing),1103.0,0.0,1.0,,,,2025,6800792003,1275737850;1730143066;1861510760;1962820621
CARTI ONCOLOGY SOLUTIONS LLC,405 RODGERS DR,,SEARCY,AR,72143,5012687870,3,"CHERYL PAYNE, MD; MATTHEW HARDEE, MD; XIANG GAO, MD",13.0,yes (office billing),1098.0,0.0,1.0,,,,2025,3173694619,1376530550;1487896973;1912993619
ENLOE SPECIALTY PHYSICIANS INC,265 COHASSET RD,,CHICO,CA,95926,5303323808,3,"JONATHAN CLARK, MD; LEITH HATHOUT, MD; STEVEN WAHLEN, MD",24.0,yes (office billing),1090.0,0.0,1.0,,,,2025,7416111893,1457308769;1548497407;1700380623
PACIFIC CANCER INSTITUTE LLC,227 MAHALANI ST,,WAILUKU,HI,96793,8082491600,2,"BENJAMIN FALIT, MD; STEVEN NGUYEN, MD",2.0,yes (office billing),1074.0,0.0,1.0,,,,2025,9335039569,1437474046;1588152490
PROTON DOCTORS PROFESSIONAL CORPORATION,9730 SUMMERS RIDGE RD,,SAN DIEGO,CA,92121,8585497400,13,"ANDREW CHANG, MD; ARI KATERELOS, MD; BRENT ROSE, MD; BRIAN CHOU, MD; CARL ROSSI, MD; IAIN MACEWAN, MD; JAMES URBANIC, MD; JONA HATTANGADI-GLUTH, MD; KATHRYN TRINGALE, MD; KRIPA GURAM, MD; LOREN MELL, MD; PARAG SANGHVI, MD; STEVEN DAVIS, MD",13.0,yes (office billing),1071.0,726.0,0.5959933222036727,,,,2025,7214202936,1003377391;1164607875;1255513859;1316119704;1326300401;1467625491;1518250869;1518983055;1558463653;1770070609;1780172031;1801005152;1861607418
GORDON GRADO MD INC,2755 SILVER CREEK RD,SUITE 115AND127,BULLHEAD CITY,AZ,86442,9285142222,1,"ROBERT O LAUGHLIN, MD",5.0,yes (office billing),1057.0,0.0,1.0,,,,2025,3971581166,1699841254
OKLAHOMA PROTON CENTER LLC,11100 HEFNER POINTE DR,SUITE A,OKLAHOMA CITY,OK,73120,4058397340,1,"MARK MCLAUGHLIN, MD",15.0,yes (office billing),1051.0,0.0,1.0,,,,2025,4183963861,1386164507
OKLAHOMA PROTON CENTER LLC,2117 RIVERWALK DR,,MOORE,OK,73160,4057736700,1,"MARK MCLAUGHLIN, MD",15.0,yes (office billing),1051.0,0.0,1.0,,,,2025,4183963861,1386164507
OKLAHOMA PROTON CENTER LLC,3505 NW 56TH ST,,OKLAHOMA CITY,OK,73112,4057736700,1,"MARK MCLAUGHLIN, MD",15.0,yes (office billing),1051.0,0.0,1.0,,,,2026,4183963861,1386164507
CANCER CARE NORTHWEST CENTERS P S,601 S SHERMAN ST,,SPOKANE,WA,99202,5092281000,2,"JON GRIFFITH, MD; STEPHEN THATCHER, MD",40.0,yes (office billing),1048.0,22.0,0.9794392523364486,,,,2025,4688561939,1356333959;1851628077
CENTRAL ALABAMA RADIATION ONCOLOGY,585 JASMINE TRL,,PRATTVILLE,AL,36066,3343952200,1,"MICHAEL INGRAM, MD",4.0,yes (office billing),1031.0,0.0,1.0,,,,2025,0345404471,1679527949
CANCER SPECIALISTS LLC,121 WHITEHALL DR,,ST AUGUSTINE,FL,32086,9048254500,1,"BHAVANA CHAPMAN, MD",46.0,yes (office billing),1030.0,0.0,1.0,,,,2025,9133377948,1932554987
COMPREHENSIVE HEMATOLOGY ONCOLOGY LLC,3611 LITTLE RD,,TRINITY,FL,34655,7273446569,1,"PETER ZAVITSANOS, MD",21.0,yes (office billing),1026.0,0.0,1.0,,,,2025,5395084461,1447664453
AMERICAN ONCOLOGIC ASSOCIATES OF MICHIGAN PC,4550 INVESTMENT DR,SUITE B111,TROY,MI,48098,2489525019,1,"KRISHA HOWELL, MD",9.0,yes (office billing),1026.0,0.0,1.0,,,,2025,3577558980,1134327554
AFFILIATED ONCOLOGISTS LLC,4301 W 95TH ST,,OAK LAWN,IL,60453,7084249710,2,"ELKE AIPPERSBACH, MD; HYUK KANG, MD",43.0,yes (office billing),1006.0,39.0,0.9626794258373206,,,,2025,2365606563,1174505291;1285754895
INTERVENTIONAL RADIATION ONCOLOGY OF CALIFORNIA INC,18092 WIKA RD,SUITE 140,APPLE VALLEY,CA,92307,6504859882,2,"NII ANKRAH, MD; RIZWAN NURANI, MD",8.0,yes (office billing),1005.0,0.0,1.0,,,,2025,7214315563,1386756245;1730574302
,963 BUTTE ST,,REDDING,CA,96001,5302455900,1,"RIZWAN NURANI, MD",,yes (office billing),1005.0,0.0,1.0,,,,2025,,1386756245
,3621 S STATE ST,,ANN ARBOR,MI,48108,,3,"AMEER ELAIMY; MARIO LACERNA, MD; MICHAEL DYKSTRA, MD",,yes (office billing),999.0,0.0,1.0,,,,2026,,1326130725;1487278545;1568037240
RADIATION ONCOLOGY ASSOCIATES,3624 J DEWEY GRAY CIR,SUITE 103,AUGUSTA,GA,30909,7066506700,3,"JED HOWINGTON, MD; JOHN STEWART, MD; ROHIT RAJ, MD",5.0,yes (office billing),998.0,463.0,0.6830937713894593,,,,2025,5698769180,1417913070;1427251412;1558704593
RADIATION ONCOLOGY ASSOCIATES,3651 WHEELER RD,,AUGUSTA,GA,30909,7066513232,2,"JED HOWINGTON, MD; JOHN STEWART, MD",5.0,yes (office billing),998.0,463.0,0.6830937713894593,,,,2025,5698769180,1417913070;1427251412
,753 S WASHINGTON ST,BLDG D,FREDERICKSBURG,TX,78624,8309904800,1,"ROBERT EBELING, MD",,yes (office billing),992.0,0.0,1.0,,,,2025,,1285896936
TRI-VALLEY UROLOGY MEDICAL GROUP,25495 MEDICAL CTR DR,SUITE 204,MURRIETA,CA,92562,9516981901,1,"JASON SUN, MD",10.0,yes (office billing),987.0,0.0,1.0,,,,2025,2668449125,1568691830
UPMC/CONEMAUGH CANCER CENTER,337 SOMERSET ST,,JOHNSTOWN,PA,15901,8145344724,4,"CARL JUENG, MD; JOHN VARGO, MD; SUBARNA EISAMAN, MD; YOSHIO ARAI, MD",5.0,yes (office billing),953.0,271.0,0.7785947712418301,,,,2025,7618912494,1013128495;1386943173;1518072701;1528030715
UPMC/CONEMAUGH CANCER CENTER,225 S CTR AVE,,SOMERSET,PA,15501,8144440211,2,"SUBARNA EISAMAN, MD; YOSHIO ARAI, MD",5.0,yes (office billing),953.0,40.0,0.959718026183283,,,,2025,7618912494,1013128495;1528030715
"RADIATION THERAPY OF SOUTHEASTERN MASS, LLC",211 PARK ST,,ATTLEBORO,MA,02703,,1,"ANURAG SARAF, MD",10.0,yes (office billing),941.0,0.0,1.0,,,,2025,9335248343,1760988521
,1728 ROCKINGHAM AVE,,BOWLING GREEN,KY,42104,2709040845,1,"RICHARD MCGAHAN, MD",,yes (office billing),933.0,0.0,1.0,,,,2025,,1134181993
THE REGENTS OF THE UNIVERSITY OF CALIFORNIA,18300 ROSCOE BLVD,,NORTHRIDGE,CA,91325,8188858500,3,"RICKY SAVJANI, MD; SAYANA SHAH, MD; STEVEN LAU, MD",32.0,yes (office billing),929.0,214.0,0.8127734033245845,,,,2026,3274573464,1225370232;1639663735;1972793917
"VENTURA COUNTY RADIATION ONCOLOGY MEDICAL GROUP, INC.",1700 N ROSE AVE,SUITE 120,OXNARD,CA,93030,8059882657,1,"HENRY MONTES, MD",2.0,yes (office billing),917.0,0.0,1.0,,,,2025,4981517083,1215992193
CANCER SPECIALISTS LLC,2370 MARKET DR,,FLEMING ISLAND,FL,32003,9042646201,1,"EMILY TANZLER, MD",46.0,yes (office billing),896.0,0.0,1.0,,,,2025,9133377948,1285869610
MORTEZA DOWLATSHAHI M D INC,200 JOSE FIGUERES AVE,SUITE 199,SAN JOSE,CA,95116,4087294673,2,"LY DO, MD; MORTEZA DOWLATSHAHI, MD",2.0,yes (office billing),887.0,0.0,1.0,,,,2025,4688610918,1376706929;1437112158
SOUTHERN ILLINOIS RADIATION ONCOLOGY LLC,1400 PIN OAK DR,,CARTERVILLE,IL,62918,61898533332,2,"KATHRYN LEWIS, MD; MICHAEL LITTLE, MD",3.0,yes (office billing),850.0,0.0,1.0,,,,2025,7315040474,1093915902;1215920640
"INTERMOUNTAIN FRONT RANGE, INC.",3210 LUTHERAN PKWY,,WHEAT RIDGE,CO,80033,3034258000,2,"JULIE WEINTRAUB, MD; TYLER KEMMIS, MD",20.0,yes (office billing),847.0,0.0,1.0,,,,2025,6800799537,1245430826;1689993115
"INTERMOUNTAIN FRONT RANGE, INC.",400 INDIANA ST,SUITE 220,GOLDEN,CO,80401,7204203300,2,"JULIE WEINTRAUB, MD; TYLER KEMMIS, MD",20.0,yes (office billing),847.0,0.0,1.0,,,,2025,6800799537,1245430826;1689993115
"CANCER HEALTHCARE ASSOCIATES, P.L.",9165 PARK DR,,MIAMI SHORES,FL,33138,3055456685,2,"ARTHUR IGLESIAS, MD; MARTIN KEISCH, MD",4.0,yes (office billing),843.0,0.0,1.0,,,,2025,3577571371,1063613206;1326018037
"ALABAMA CANCER CARE, LLC",291 JAMES PAYTON BLVD,,SYLACAUGA,AL,35150,2562450297,2,"ANNA HARRIS, MD; OMER BURNETT, MD",20.0,yes (office billing),841.0,0.0,1.0,,,,2025,1456477645,1780879551;1891905840
NORTH FLORIDA RADIATION ONCOLOGY LLC,795 SW STATE RD,SUITE 47,LAKE CITY,FL,32025,3867587822,1,"CHRISTOPHER BALAMUCKI, MD",5.0,yes (office billing),840.0,0.0,1.0,,,,2025,1951403179,1548449234
"PROTON INTERNATIONAL ARKANSAS, LLC",3900 W CAPITOL AVE,ST 200,LITTLE ROCK,AR,72205,6672253130,8,"ADAM WOLFE, MD; FEN XIA, MD; JAMES CORDOVA, MD; LESLIE HARRELL, DO; MAUSAM PATEL, MD; SANJAY MARABOYINA, MD; SANTANU SAMANTA, MD; SONDOS ALKHATIB, MD",8.0,yes (office billing),835.0,0.0,1.0,,,,2025,3577924398,1023513728;1134156052;1205446739;1417311762;1619339868;1649764283;1730388166;1811208010
ALLIANT DERMATOLOGY PA,1050 OLD CAMP RD,BLDG 150,THE VILLAGES,FL,32162,3523997295,2,"BROOKE WILLOWS, MD; THOMAS SCHEER, MD",12.0,yes (office billing),827.0,0.0,1.0,,,,2025,9436305273,1245263995;1457880353
MORTEZA DOWLATSHAHI M D INC,18511 MISSION VIEW DR,SUITE 140,MORGAN HILL,CA,95037,4087791428,1,"LY DO, MD",2.0,yes (office billing),827.0,0.0,1.0,,,,2025,4688610918,1376706929
,4388 PAHEE ST,,LIHUE,HI,96766,8082414300,1,"JULIET SEIGLE, MD",,yes (office billing),797.0,0.0,1.0,,,,2025,,1639297716
"SOUTHEAST PHYSICIAN NETWORK, P.C.",1410 MCFARLAND BLVD N,,TUSCALOOSA,AL,35406,2053458208,3,"JEFFERSON TRUPP, MD; SHELBY SANFORD, MD; SHERLY PARDO-REOYO, MD",46.0,yes (office billing),796.0,35.0,0.9578820697954272,,,,2025,0840337721,1689681967;1871552638;1952629974
MERIDIAN PARK RADIATION ONCOLOG CENTER INC,6489 SW BORLAND RD,,TUALATIN,OR,97062,5036924843,3,"NORMAN WILLIS, MD; RAYMOND TAN, MD; SOHEILA AZGHADI, MD",3.0,yes (office billing),795.0,144.0,0.8466453674121406,,,,2025,0941298491,1104809946;1508854290;1952794455
RADIANTCARE PHYSICIANS PLLC,4525 3RD AVE SE,SUITE 100,LACEY,WA,98503,3604128960,5,"BRENT TINNEL, MD; GREGORY ALLEN, MD; JUSTIN SUSZKO, MD; LEONEL KAHN, MD; MICHAEL CONNOR, MD",5.0,yes (office billing),790.0,434.0,0.6454248366013072,,,,2025,6608869581,1184866527;1285165142;1508209982;1508817404;1750397071
CARTI ONCOLOGY SOLUTIONS LLC,2605 COLLEGE AVE,,CONWAY,AR,72034,5013294741,4,"CHERYL PAYNE, MD; GRAHAM CAMPBELL, MD; HA PHAM, MD; XIANG GAO, MD",13.0,yes (office billing),789.0,0.0,1.0,,,,2025,3173694619,1194287482;1376530550;1730717299;1912993619
,600 ZEAGLER DR,SUITE 2,PALATKA,FL,32177,3863267900,1,"ANAND KURUVILLA, MD",,yes (office billing),785.0,0.0,1.0,,,,2025,,1740246974
,2707 E VALLEY BLVD,SUITE 109,WEST COVINA,CA,91792,6269568009,1,"ARTHUR CHUNG, MD",,yes (office billing),784.0,0.0,1.0,,,,2025,,1295026102
VALLEY CANCER ASSOCIATES PA,1719 TREASURE HILLS BLVD,,HARLINGEN,TX,78550,9563642131,1,"MARK HARRISON, MD",3.0,yes (office billing),774.0,0.0,1.0,,,,2025,4082790126,1417954124
,PO BOX,SUITE 497,LEWES,DE,19958,,1,"SAMUEL BIRER, MD",,yes (office billing),772.0,0.0,1.0,,,,2026,,1679004014
"VENTURA COUNTY RADIATION ONCOLOGY MEDICAL GROUP, INC.",5301 MISSION OAKS BLVD,SUITE A,CAMARILLO,CA,93012,8054841919,1,"TIMOTHY OCONNOR, MD",2.0,yes (office billing),771.0,0.0,1.0,,,,2025,4981517083,1982669396
,707 E MAIN ST,,MIDDLETOWN,NY,10940,8453332326,1,"THOMAS EANELLI, MD",,yes (office billing),751.0,0.0,1.0,,,,2025,,1407800915
UPMC/HVHS CANCER CENTER,1000 DUTCH RIDGE RD,,BEAVER,PA,15009,7247737616,4,"ADAM OLSON, MD; CARL JUENG, MD; MAURY ROSENSTEIN, MD; MICHAEL PENNOCK, MD",5.0,yes (office billing),741.0,204.0,0.7841269841269841,,,,2025,8224022181,1154825057;1477819670;1518072701;1871563395
,313 SOMERSBY DR,,Dallas,GA,30157,,1,"MARK THOMPSON, DO",,yes (office billing),729.0,0.0,1.0,,,,2026,,1487646030
,PO BOX,,ATLANTA,GA,30368,,1,"MARK THOMPSON, DO",,yes (office billing),729.0,0.0,1.0,,,,2026,,1487646030
"NORMAN H. ANDERSON, MD, PA",9401 SW STATE RD,200 SUITE 403,OCAL A,FL,34481,3527326474,1,"JUDITH LIGHTSEY, MD",10.0,yes (office billing),727.0,0.0,1.0,,,,2025,0749271112,1316908833
NORTHEAST RADIATION ONCOLOGY PA,33 WHITING HILL RD,LAFAYETTE FAMILY CANCER CENTER,BREWER,ME,04412,2079737499,4,"JANEEN DANIELS, MD; JULIA MANZEROVA, MD; KURT SNYDER, MD; WILLIAM CASTRUCCI, MD",4.0,yes (office billing),726.0,0.0,1.0,,,,2025,7214964196,1063708097;1336409663;1396927604;1477538304
,100 B MEDICAL DR,,LAKE JACKSON,TX,77566,9792979268,1,"DANIEL GARLITOS, MD",,yes (office billing),722.0,109.0,0.8688327316486161,,,,2026,,1386629574
,1024 1ST ST N,,ALABASTER,AL,35007,2056644051,1,"CHRISTOPHER JAHRAUS, MD",,yes (office billing),720.0,0.0,1.0,,,,2025,,1700814753
,8019 S NEW BRAUNFELS,SUITE 101,SAN ANTONIO,TX,78235,2109813051,1,"ROBIN AKINS, MD",,yes (office billing),720.0,0.0,1.0,,,,2025,,1174691133
"CULLMAN RADIATION THERAPY SERVICES, P.C.",1811 PKWY CIR,,CULLMAN,AL,35058,2567372285,1,"VINCENT KAROLEWICS, MD",2.0,yes (office billing),717.0,0.0,1.0,,,,2025,7416843156,1174624282
"EAST TENNESSEE RADIATION ONCOLOGY, P.C.",421 S MAIN ST,,CROSSVILLE,TN,38555,9314568389,2,"RUFUS MARK, MD; RYAN GROVER, MD",8.0,yes (office billing),714.0,248.0,0.7422037422037422,,,,2025,6103917729,1346251287;1992786628
,7469 E MONTE CRISTO AVE,,SCOTTSDALE,AZ,85260,4803065390,1,"VERSHALEE SHUKLA, MD",,yes (office billing),711.0,0.0,1.0,,,,2025,,1366726788
PHYSICIANS FOR ACCOUNTABLE CARE LLC,922 ROLLING ACRES RD,,LADY LAKE,FL,32159,3523262224,2,"DAVID CATALANO, MD; MAUREEN HOLASEK, MD",2.0,yes (office billing),707.0,0.0,1.0,,,,2025,4789624826,1588660658;1871614909
NAIM T. NAZHA MD PC,801 NEW RD,,NORTHFIELD,NJ,08225,6094075055,1,"JAMES DALZELL, MD",2.0,yes (office billing),704.0,0.0,1.0,,,,2025,4183536352,1417997719
ST JOHNS HOSPITAL OF THE HOSPITAL SISTERS OF THE THIRD ORDER OF ST F,800 E CARPENTER ST,,SPRINGFIELD,IL,62702,217544646444399,3,"MOHAMED MEGAHY, MD; PRACHI JAIN; SALEEM MAHMOOD, MD",26.0,yes (office billing),694.0,33.0,0.9546079779917469,,,,2026,9032028923,1326333626;1548252752;1679677678
UNIVERSITY OF MARYLAND RADIATION ONCOLOGY ASSOCIATES PA,219 S WASHINGTON ST,UM SHORE REGIONAL MEDICAL CENTER,EASTON,MD,21601,4108221000,2,"ELIZABETH NICHOLS, MD; MARK MISHRA, MD",35.0,yes (office billing),690.0,34.0,0.9530386740331491,,,,2026,6406845544,1396903761;1790932630
,5995 SW 71ST ST,1A,SOUTH MIAMI,FL,33143,3055980811; 3056696833,1,"BEATRIZ AMENDOLA, MD",,yes (office billing),637.0,0.0,1.0,,,,2025,,1073511333
MID-FLORIDA CANCER CENTERS LLC,658 OVIEDO MEDICAL DR,,OVIEDO,FL,32765,4079019076,1,"ALAN FORBES, MD",13.0,yes (office billing),628.0,0.0,1.0,,,,2025,4880584135,1376528612
ACKERMAN CANCER CENTER PA,1340 S 18TH ST,SUITE 103,FERNANDINA BEACH,FL,32034,9042772700,1,"BABITA JYOTI, MD",10.0,yes (office billing),610.0,0.0,1.0,,,,2026,3779541362,1780072942
TUMOR INSTITUTE RADIATION ONCOLOGY GROUP LLP,1221 MADISON ST,SUITE 1,SEATTLE,WA,98104,2093862323,15,"ASTRID MORRIS, MD; CHRISTOPHER LOISELLE, MD; DANIEL LANDIS, MD; DANIELA BUSCARIOLLO, MD; JACOB TROTTER, MD; JAMES BRASHEARS, MD; JAMES SPIEGEL, MD; LI MING FANG, MD; REITH SARKAR, MD; ROBERT DOUGLAS, MD; ROBERT MEIER, MD; ROBERT TAKAMIYA, MD; STEPHEN EULAU, MD; TODD BARNETT, MD; VIVEK MEHTA, MD",16.0,yes (office billing),608.0,602.0,0.5024793388429752,,,,2025,3779470463,1013930643;1093716912;1194739755;1215950704;1225259187;1265708960;1346263183;1417970252;1528528965;1538182399;1629091483;1659435436;1679034060;1720177819;1821011206
WILLIAM NOYES MD PC,1451 44TH AVE S,SUITE E,GRAND FORKS,ND,58201,7017875800,1,"WILLIAM NOYES, MD",4.0,yes (office billing),601.0,0.0,1.0,,,,2025,6800875345,1649382292
WILLIAM NOYES MD PC,323 S MINNESOTA ST,,CROOKSTON,MN,56716,7017875800,1,"WILLIAM NOYES, MD",4.0,yes (office billing),601.0,0.0,1.0,,,,2026,6800875345,1649382292
BUTLER CANCER ASSOCIATES INC,102 TECHNOLOGY DR,SUITE 110,BUTLER,PA,16001,7244822679,4,"CARL JUENG, MD; FRANCIS MOORHEAD, MD; VERONICA EISEN, MD; VICTOR ONUFREY, MD",4.0,yes (office billing),597.0,106.0,0.8492176386913229,,,,2025,7719122316,1144227265;1255445664;1518072701;1639310139
,3001 E PRESIDENT GEORGE BUSH HWY,SUITE 100,RICHARDSON,TX,75082,,1,"JANICE TOMBERLIN, MD",,yes (office billing),594.0,0.0,1.0,,,,2026,,1982642443
RADIATION ONCOLOGY NETWORK OF SOUTHERN CALIFORNIA,959 LANE AVE,,CHULA VISTA,CA,91914,6195027730,4,"DOUGLAS RAHN, MD; EVAN WHITE, MD; GINA MANSY, MD; SUNIL ADVANI, MD",5.0,yes (office billing),581.0,0.0,1.0,,,,2025,3870906092,1063701407;1326046855;1609018340;1669649844
,14040 QUEENS BLVD,,JAMAICA,NY,11435,7188359729,1,"RENE MEDIAVILLO, MD",,yes (office billing),581.0,0.0,1.0,,,,2025,,1376622019
ARIZONA ONCOLOGY ASSOCIATES PC,1620 W SAINT MARYS RD,,TUCSON,AZ,85745,5207917776,1,"ROBERT GIN, MD",42.0,yes (office billing),564.0,0.0,1.0,,,,2025,9638067911,1811966575
WEST MICHIGAN RADIATION ONCOLOGY,5950 METRO WAY SW,METRO HEALTH CANCER CENTER,WYOMING,MI,49519,6162528180,2,"CHESTER WILSON, MD; TERRI BOTT-KOTHARI, MD",2.0,yes (office billing),557.0,0.0,1.0,,,,2025,7810053550,1548245772;1558386607
NEO UROLOGY ASSOCIATES INC,7430 SOUTHERN BLVD,,BOARDMAN,OH,44512,3307299214,1,"RASHAD EL-DABH, MD",18.0,yes (office billing),555.0,13.0,0.977112676056338,,,,2026,8628088036,1316949266
MANHATTAN RADIATION ONCOLOGY PLLC,47 ESSEX ST,,NEW YORK,NY,10002,3475322888,4,"ISAIAH FRIEDMAN, MD; JAMES LEE, MD; MENG SHAO, MD; VINCENT YEUNG, MD",4.0,yes (office billing),552.0,0.0,1.0,,,,2025,0941446421,1407170319;1487722104;1891051686;1952371064
AHMC INTERNATIONAL CANCER CENTER A MEDICAL CORPORATION,605 N GARFIELD AVE,,MONTEREY PARK,CA,91754,6265716100,2,"DAVID HSU, MD; JAMES CHUANG, MD",2.0,yes (office billing),540.0,0.0,1.0,,,,2025,0244409274,1619983343;1720195977
PARHAM TABIBIAN MD INC,3851 KATELLA AVE,SUITE 105,LOS ALAMITOS,CA,90720,5627993330,1,"DAVID HSU, MD",9.0,yes (office billing),540.0,0.0,1.0,,,,2025,9739284704,1619983343
TONY N NAKHLA DO INC,800 N TUSTIN AVE,SUITE G,SANTA ANA,CA,92705,7145476111,1,"DAVID HSU, MD",6.0,yes (office billing),540.0,0.0,1.0,,,,2025,3678600715,1619983343
CANCER CARE SPECIALISTS OF CENTRAL ILLINOIS SC,210 W MCKINLEY AVE,SUITE 1,DECATUR,IL,62526,2178764700; 2178779442,2,"HAROLD YOON, MD; MARY DEPAZ, MD",31.0,yes (office billing),539.0,0.0,1.0,,,,2025,5991619116,1558566984;1700846664
,355 BARD AVE,,STATEN ISLAND,NY,10310,,1,"MARC ADAMS, MD",,yes (office billing),539.0,0.0,1.0,,,,2026,,1275519142
,RUMC CTR FOR CANCER CARE,1000 SOUTH AVE,Staten Island,NY,10314,,1,"MARC ADAMS, MD",,yes (office billing),539.0,0.0,1.0,,,,2026,,1275519142
,PO BOX,SUITE 310,NEWPORT,WA,99156,,1,"JONATHAN VANWICKLE, MD",,yes (office billing),534.0,273.0,0.6617100371747212,,,,2026,,1811493737
SALINAS VALLEY UROLOGY ASSOCIATES,1115 B LOS PALOS DR,,SALINAS,CA,93901,8317573006; 8317583851,1,"DAVID GREENE, MD",2.0,yes (office billing),518.0,0.0,1.0,,,,2025,0244313575,1285600403
KATHLEEN P HUTTON M D INC,1441 AVOCADO AVE,SUITE 309,NEWPORT BEACH,CA,92660,9496448556,1,"DAVID GREENE, MD",3.0,yes (office billing),518.0,0.0,1.0,,,,2025,7315925922,1285600403
VIPAL SONI MD INC,17742 BEACH BLVD,SUITE 325,HUNTINGTON BEACH,CA,92647,7148480770,1,"DAVID GREENE, MD",4.0,yes (office billing),518.0,0.0,1.0,,,,2025,0345378113,1285600403
CLEAR CHOICE DERMATOLOGY,1815 HUDSON ST,,LONGVIEW,WA,98632,5413166575,1,"DAVID GREENE, MD",47.0,yes (office billing),518.0,0.0,1.0,,,,2026,4789005034,1285600403
REDDING DERMATOLOGY MEDICAL GROUP INC,2107 AIRPARK DR,,REDDING,CA,96001,5302411111,1,"DAVID GREENE, MD",14.0,yes (office billing),518.0,0.0,1.0,,,,2025,2567549504,1285600403
F AWADALLA MD PC,27800 MEDICAL CTR RD,SUITE 220,MISSION VIEJO,CA,92691,9495456605,1,"DAVID GREENE, MD",5.0,yes (office billing),518.0,0.0,1.0,,,,2026,0446685481,1285600403
DERMATOLOGIST MEDICAL GROUP OF NORTH COUNTY INC,3613 VISTA WAY,,OCEANSIDE,CA,92056,7607585340,1,"DAVID GREENE, MD",19.0,yes (office billing),518.0,0.0,1.0,,,,2025,7315849981,1285600403
AG MEDICAL GROUP PC,70 GARDEN CT,SUITE 101,MONTEREY,CA,93940,9495456605,1,"DAVID GREENE, MD",2.0,yes (office billing),518.0,0.0,1.0,,,,2026,8820586175,1285600403
"OMNI HEALTHCARE, INC",845 CENTURY MEDICAL DR,SUITE A,TITUSVILLE,FL,32796,3215296102,1,"JAMES GIEBINK, MD",42.0,yes (office billing),505.0,0.0,1.0,,,,2026,5496652380,1689652091
ADVENTHEALTH MEDICAL GROUP CANCER AND SPECIALTY CARE LLC,20 MEDICAL PARK DR,,ASHEVILLE,NC,28803,8282537077,2,"CYNTHIA BALLENGER, MD; JONATHAN BARNES, MD",20.0,yes (office billing),501.0,298.0,0.6270337922403004,,,,2025,0042246050,1730127598;1811095771
TAMPA BAY RADIATION ONCOLOGY PA,12206 BRUCE B DOWNS BLVD,,TAMPA,FL,33612,8139718276,2,"HARVEY GREENBERG, MD; JOHN KOVAL, MD",4.0,yes (office billing),498.0,145.0,0.7744945567651633,,,,2025,2769465210,1639168529;1689699985
"FLUSHING RADIATION ONCOLOGY SERVICES, PLLC",13640 39TH AVE,LOWR LEVEL,FLUSHING,NY,11354,3475322888,1,"VINCENT YEUNG, MD",4.0,yes (office billing),495.0,0.0,1.0,,,,2025,9133265473,1487722104
UNIVERSITY OF MARYLAND RADIATION ONCOLOGY ASSOCIATES PA,500 UPPER CHESAPEAKE DR,,BEL AIR,MD,21014,4436433196,1,"ELIZABETH NICHOLS, MD",35.0,yes (office billing),480.0,34.0,0.933852140077821,,,,2026,6406845544,1396903761
"SEQUOIA RADIATION ONCOLOGY SERVICES, INC",4945 W CYPRESS AVE,SUITE A,VISALIA,CA,93277,5596243100,2,"DANNY VAZQUEZ, MD; DAVID LY, MD",2.0,yes (office billing),477.0,171.0,0.7361111111111112,,,,2025,8820404296,1477879864;1730747791
RADIANT ONCOLOGY MEDICAL GROUP,77840 FLORA RD,,PALM DESERT,CA,92211,7602008777,1,"TED LING, MD",2.0,yes (office billing),460.0,13.0,0.9725158562367865,,,,2026,6002350378,1902121544
,601 SENECA ST,,ONEIDA,NY,13421,3153612351,1,"MAYA MATHEW, MD",,yes (office billing),450.0,0.0,1.0,,,,2025,,1114284882
UPSTATE UNIVERSITY RADIATION ONCOLOGY INC,750 E ADAMS ST,,SYRACUSE,NY,13210,3154645276,12,"ALEXANDER BANASHKEVICH, MD; ANNA SHAPIRO, MD; BRITTANY SIMONE, DO; DENNIS KOTLOVE, MD; HSIN LI, MD; JEFFREY BOGART, MD; KARNA SURA, MD; LINDA SCHICKER, MD; MICHAEL LACOMBE, MD; MICHAEL MIX, MD; PAUL ARIDGIDES, MD; SEUNG SHIN HAHN, MD",15.0,yes (office billing),446.0,339.0,0.5681528662420382,,,,2025,7719012889,1043233711;1093152159;1295146777;1568626125;1679927453;1720379233;1790720845;1790764249;1851537872;1881005007;1912931460;1942237359
MINNEAPOLIS RADIATION ONCOLOGY PA,11850 BLACKFOOT ST NW,SUITE 150,COON RAPIDS,MN,55433,7634330221,1,"ROBERT GAO, MD",18.0,yes (office billing),441.0,0.0,1.0,,,,2025,8527951094,1245893122
,1420 W PIONEER PKWY,,PEORIA,IL,61615,,1,"HUAN GIAP, MD",,yes (office billing),430.0,66.0,0.8669354838709677,,,,2026,,1033185442
ENLOE SPECIALTY PHYSICIANS INC,1531 ESPLANADE,,CHICO,CA,95926,5303327300,1,"LEITH HATHOUT, MD",24.0,yes (office billing),430.0,0.0,1.0,,,,2025,7416111893,1700380623
WATERBURY RADIATION ONCOLOGY ASSOCIATES PC,1075 CHASE PKWY,,WATERBURY,CT,06708,2035755555,2,"DOUGLAS HOUSMAN, MD; JOSEPH RAVALESE, MD",2.0,yes (office billing),425.0,0.0,1.0,,,,2025,2961395645,1376505081;1760640643
AMARILLO UROLOGY ASSOCIATES LLP,1900 MEDI PARK DR,,AMARILLO,TX,79106,8063559447,2,"IRFAN AHMED, MD; MICHAEL HAGAN, MD",14.0,yes (office billing),425.0,314.0,0.5751014884979703,,,,2025,5890779227,1548222490;1861467003
BRISTOL RADIATION ONCOLOGY CENTER,25 NEWELL RD,SUITE C11,BRISTOL,CT,06010,8605829800,2,"DOUGLAS HOUSMAN, MD; JOSEPH RAVALESE, MD",2.0,yes (office billing),425.0,0.0,1.0,,,,2025,8325932015,1376505081;1760640643
,4201 MED CTR DR,180 CANCER CARE OF N TX,MCKINNEY,TX,75069,4697140520,1,"WILHELM LUBBE, MD",,yes (office billing),418.0,0.0,1.0,,,,2025,,1922388487
"HRMC, LLC",101 CIVIC CTR LN,,LAKE HAVASU CITY,AZ,86403,9284533761,1,"NICHOLAS ROMAN, MD",33.0,yes (office billing),411.0,22.0,0.9491916859122402,,,,2025,3072641265,1427255314
"RADIATION ONCOLOGY ASSOCIATES, PA",361 OLD BELGRADE RD,,AUGUSTA,ME,04330,2076219400,2,"JOHN DROGOS, MD; NEILAYAN SEN, MD",2.0,yes (office billing),397.0,0.0,1.0,,,,2025,6406805795,1407101314;1639699929
SAINT FRANCIS HOSPITAL MUSKOGEE INC,300 ROCKEFELLER DR,,MUSKOGEE,OK,74401,9186825501,1,"WALTER WATTS, MD",8.0,yes (office billing),397.0,68.0,0.853763440860215,,,,2025,7315216215,1174784540
"MAIMONIDES DIVISION OF RADIATION ONCOLOGY, FPP",6300 8TH AVE,,BROOKLYN,NY,11220,7187652700,6,"AIMEE GALLANT; BERNADINE DONAHUE, MD; DAVID BERLACH, MD; JAMES BUTLER, MD; JARED ROWLEY, MD; JONATHAN KLEIN, MD",6.0,yes (office billing),396.0,0.0,1.0,,,,2025,3971497587,1124540216;1205235199;1417958182;1588197453;1750382644;1811275514
,500 ELDORADO BLVD,SUITE 4300,BROOMFIELD,CO,80021,,1,"STEVEN GRESSWELL, MD",,yes (office billing),381.0,0.0,1.0,,,,2025,,1932548484
,5923 SCREAMING EAGLE LN,,COLUMBIA,MO,65201,,1,"STEVEN GRESSWELL, MD",,yes (office billing),381.0,0.0,1.0,,,,2026,,1932548484
,PO BOX,,KANSAS CITY,MO,64184,,1,"STEVEN GRESSWELL, MD",,yes (office billing),381.0,0.0,1.0,,,,2026,,1932548484
,PO BOX,,DALLAS,TX,75320,,1,"STEVEN GRESSWELL, MD",,yes (office billing),381.0,0.0,1.0,,,,2026,,1932548484
"SOUTHEAST PHYSICIAN NETWORK, P.C.",105 HWY 80 E,,DEMOPOLIS,AL,36732,3342872647,1,"MICHAEL CAPPELLI, MD",46.0,yes (office billing),380.0,0.0,1.0,,,,2025,0840337721,1194702928
,1401 RIVER RD,,GREENWOOD,MS,38930,6624597133,1,"RODERICK GIVENS, MD",,yes (office billing),375.0,0.0,1.0,,,,2025,,1558422576
VALLEY CANCER MEDICAL CENTER INC,1138 NORMAN DR,,MANTECA,CA,95336,2098231609331,1,"DARWIN YIP, MD",4.0,yes (office billing),368.0,0.0,1.0,,,,2025,7517245863,1194160838
RADIANT ONCOLOGY MEDICAL GROUP,40055 BOB HOPE DR,SUITE B,RANCHO MIRAGE,CA,92270,7602023926,1,"CAROLYN BARNES, MD",2.0,yes (office billing),363.0,0.0,1.0,,,,2025,6002350378,1346484490
BROOKLYN RADIATION ONCOLOGY PC,2101 AVE X,,BROOKLYN,NY,11235,7185172900,2,"SHAN-CHIN CHEN, MD; SHAUN DIN, MD",5.0,yes (office billing),357.0,93.0,0.7933333333333333,,,,2025,3577530518,1720217193;1932493152
"EAST TENNESSEE RADIATION ONCOLOGY, P.C.",9711 SHERRILL BLVD,,KNOXVILLE,TN,37932,8653735000,1,"JOSEPH MEYER, MD",8.0,yes (office billing),350.0,14.0,0.9615384615384616,,,,2025,6103917729,1962475277
NEXUS HEALTH,2085 S PACHECO ST,,SANTA FE,NM,87505,5056708292,1,"ANNA MARIA DE COSTA, MD",31.0,yes (office billing),347.0,59.0,0.854679802955665,,,,2025,9234509282,1407261522
UPMC/ST CLAIR HOSPITAL CANCER CENTER,1020 BOWER HILL RD,,PITTSBURGH,PA,15243,4125023920,3,"FELICIA SNEAD, MD; JORDAN TOROK, MD; ROBERT PIROLI, MD",9.0,yes (office billing),341.0,340.0,0.5007342143906021,,,,2025,9638349558,1629369582;1730180662;1912968587
CANCER CARE SPECIALISTS OF CENTRAL ILLINOIS SC,321 REGENCY PARK,SUITE 100,O FALLON,IL,62269,6184167970,2,"JACOB WITT, MD; RYAN MUELLER, MD",31.0,yes (office billing),324.0,0.0,1.0,,,,2025,5991619116,1891157871;1912571654
"HUNTERDON HEMATOLOGY ONCOLOGY, LLC",2100 WESCOTT DR,,FLEMINGTON,NJ,08822,9082371201,1,"ANDREW GREENBERG, MD",7.0,yes (office billing),322.0,71.0,0.8193384223918575,,,,2025,5496812604,1548286339
MONTEREY BAY ONCOLOGY A MEDICAL CORPORATION,15400 NATIONAL AVE,SUITE 100,LOS GATOS,CA,95032,8313754105,3,"GORDON WONG, MD; RAKESH PATEL, MD; TANGEL CHANG, DO",14.0,yes (office billing),311.0,122.0,0.7182448036951501,,,,2026,6507826856,1235172446;1306194915;1992768519
ADVENTHEALTH MEDICAL GROUP CANCER AND SPECIALTY CARE LLC,171 DANIEL RD,,FOREST CITY,NC,28043,8282868669,1,"JEFFREY ROBERTS, MD",20.0,yes (office billing),306.0,257.0,0.5435168738898757,,,,2026,0042246050,1477548378
MINNEAPOLIS RADIATION ONCOLOGY PA,3435 W BROADWAY AVE,,ROBBINSDALE,MN,55422,7635211426,1,"COLTON GITS, MD",18.0,yes (office billing),302.0,161.0,0.652267818574514,,,,2025,8527951094,1588199905
,1415 OLD WEISGARBER RD,SUITE 250,KNOXVILLE,TN,37909,8654375252,1,"BRION SHIN, MD",,yes (office billing),296.0,0.0,1.0,,,,2026,,1184825283
SUSAN REISINGER MD PROF CORP,52 N PECOS RD,,HENDERSON,NV,89074,7029904767,1,"NATHAN JONES, DO",3.0,yes (office billing),295.0,65.0,0.8194444444444444,,,,2025,2163464595,1093864480
MINNEAPOLIS RADIATION ONCOLOGY PA,550 OSBORNE RD NE,,FRIDLEY,MN,55432,7637841182,1,"RICHARD DIAZ, MD",18.0,yes (office billing),289.0,0.0,1.0,,,,2025,8527951094,1831190412
,405 W COUNTRY CLUB RD,,ROSWELL,NM,88201,5205080754,1,"JOHN TRUITT, MD",,yes (office billing),275.0,0.0,1.0,,,,2025,,1295761898
CARIBBEAN IMAGING AND RADIATION TREATMENT CENTER INC,2225 PARRA BY PASS,,PONCE,PR,00717,7878422478,5,"ALBERTO CERRA FRANCO, MD; FRANCISCO CORDERO-GALLARDO, MD; JAVIER LOPEZ ARAUJO, MD; RICARDO LOPEZ MUJICA, MD; ROBERTO SANTIAGO, MD",12.0,yes (office billing),273.0,0.0,1.0,,,,2026,4486782307,1225447006;1568770063;1689091779;1710025762;1710994611
CARIBBEAN IMAGING AND RADIATION TREATMENT CENTER INC,54 CALLE MARGINAL,,GUAYAMA,PR,00784,7876860090,5,"ALBERTO CERRA FRANCO, MD; FRANCISCO CORDERO-GALLARDO, MD; JAVIER LOPEZ ARAUJO, MD; RICARDO LOPEZ MUJICA, MD; ROBERTO SANTIAGO, MD",12.0,yes (office billing),273.0,0.0,1.0,,,,2026,4486782307,1225447006;1568770063;1689091779;1710025762;1710994611
CENTRO DE RADIOTERAPIA AUXILIO MUTUO INC,PONCE DE LEON AVE,715 STOP 37.5,SAN JUAN,PR,00918,7877582000,5,"ALBERTO CERRA FRANCO, MD; FRANCISCO CORDERO-GALLARDO, MD; JAVIER LOPEZ ARAUJO, MD; LUISA MARCIAL VEGA, MD; ROBERTO SANTIAGO, MD",5.0,yes (office billing),273.0,0.0,1.0,,,,2025,2365507068,1225447006;1326181462;1568770063;1689091779;1710025762
"THERAPEUTIC RADIATION ONCOLOGY, PC",1133 EAGLES LANDING PKWY,,STOCKBRIDGE,GA,30281,6782511099,4,"DAVID SHAW, MD; JOHN GIESLER, MD; KIM NEISLER, MD; SASHA WAHAB, MD",8.0,yes (office billing),273.0,241.0,0.5311284046692607,,,,2025,2163325812,1053438762;1093760217;1164461281;1649261926
PRECISE RADIATION ONCOLOGY CENTER PSC,MARGINAL CARR 2 NUM,1 3 B SQUARE HNAS DAVILA SUITE G 1,BAYAMON,PR,00960,7879667500,4,"JAVIER LOPEZ ARAUJO, MD; LUISA MARCIAL VEGA, MD; RICARDO LOPEZ MUJICA, MD; ROBERTO SANTIAGO, MD",4.0,yes (office billing),273.0,0.0,1.0,,,,2025,2961685482,1326181462;1568770063;1710025762;1710994611
PRECISE RADIATION ONCOLOGY CENTER PSC,PO BOX,,BAYAMON,PR,00960,,3,"JAVIER LOPEZ ARAUJO, MD; LUISA MARCIAL VEGA, MD; ROBERTO SANTIAGO, MD",4.0,yes (office billing),273.0,0.0,1.0,,,,2025,2961685482,1326181462;1568770063;1710025762
GREATER REGIONAL MEDICAL CENTER,1700 W TOWNLINE ST,,CRESTON,IA,50801,6417827091,2,"ADAM GLINIEWICZ, MD; GEORGE VOYNOV, MD",48.0,yes (office billing),265.0,153.0,0.6339712918660287,,,,2026,9234041013,1669835914;1972694362
STEPHEN WILLIAM DOGGETT MD PA,14642 NEWPORT AVE,SUITE 470,TUSTIN,CA,92780,7145739500,3,"ROBERT SHARE, MD; STEPHEN DOGGETT, MD; TAPAN ROY, MD",5.0,yes (office billing),261.0,0.0,1.0,,,,2025,9830235217,1205831922;1932109337;1982675021
STEPHEN WILLIAM DOGGETT MD PA,424 LILLY RD NE,,OLYMPIA,WA,98506,3604591700,3,"NICHOLAS MUFF, MD; ROBERT SHARE, MD; STEPHEN DOGGETT, MD",5.0,yes (office billing),261.0,0.0,1.0,,,,2025,9830235217,1740372861;1932109337;1982675021
FLAGET HEALTHCARE INC,4359 NEW SHEPHERDSVILLE RD,UNIT 100,BARDSTOWN,KY,40004,5023505700,3,"BRIAN WILLIAMS, MD; JEFFREY LONG, MD; NICOLAS BURNETT, MD",19.0,yes (office billing),261.0,69.0,0.7909090909090909,,,,2025,5890692024,1417342999;1528086873;1629177936
STEPHEN WILLIAM DOGGETT MD PA,1075 ROBERTA LN,,SPARKS,NV,89431,7252081040,2,"NICHOLAS MUFF, MD; STEPHEN DOGGETT, MD",5.0,yes (office billing),261.0,0.0,1.0,,,,2026,9830235217,1740372861;1982675021
DERMAHEALTH DERMATOLOGY PLLC,1295 FOWLER ST,SUITE 102,RICHLAND,WA,99352,5097832004,1,"STEPHEN DOGGETT, MD",8.0,yes (office billing),261.0,0.0,1.0,,,,2025,8729145677,1982675021
"MINARETS MEDICAL GROUP, INC.",1340 W HERNDON AVE,SUITE 101,FRESNO,CA,93711,5594386577,1,"STEPHEN DOGGETT, MD",4.0,yes (office billing),261.0,0.0,1.0,,,,2025,2567535826,1982675021
STEPHEN WILLIAM DOGGETT MD PA,1626 S COURT ST,,VISALIA,CA,93277,7145739500,1,"STEPHEN DOGGETT, MD",5.0,yes (office billing),261.0,0.0,1.0,,,,2026,9830235217,1982675021
STEPHEN WILLIAM DOGGETT MD PA,260 E ONTARIO AVE,101 COMPASSION CANCER CARE,CORONA,CA,92879,9512687746; 9513712411,1,"STEPHEN DOGGETT, MD",5.0,yes (office billing),261.0,0.0,1.0,,,,2025,9830235217,1982675021
STEPHEN WILLIAM DOGGETT MD PA,5757 PACIFIC AVE,SUITE 228,STOCKTON,CA,95207,2094905050,1,"STEPHEN DOGGETT, MD",5.0,yes (office billing),261.0,0.0,1.0,,,,2025,9830235217,1982675021
STEPHEN WILLIAM DOGGETT MD PA,774 E AVE,,CHICO,CA,95926,5307742650,1,"STEPHEN DOGGETT, MD",5.0,yes (office billing),261.0,0.0,1.0,,,,2026,9830235217,1982675021
STEPHEN WILLIAM DOGGETT MD PA,8860 CTR DR,SUITE 300,LA MESA,CA,91942,7147532417,1,"STEPHEN DOGGETT, MD",5.0,yes (office billing),261.0,0.0,1.0,,,,2025,9830235217,1982675021
CANCER THERAPY MEDICAL GROUP INC,8100 BRUCEVILLE RD,,SACRAMENTO,CA,95823,9166839616,1,"PAUL PAGE, MD",12.0,yes (office billing),259.0,0.0,1.0,,,,2025,6800792003,1811132152
"RUSSELL HOSPITAL CORPORATION; RUSSELL ONCOLOGY JV PHYSICIANS SERVICES, LLC",3316 HWY 280,,ALEXANDER CITY,AL,35010,2563297100; 2563297308,4,"ADAM KOLE; DREXELL BOGGS, MD; GOBIND GILL, MD; MEHRAN YUSUF",48.0,yes (office billing),254.0,233.0,0.5215605749486653,,,,2025,2769737287; 6406754431,1003131558;1093277824;1356704696;1679918940
PRATT RADIATION ONCOLOGY ASSOCIATES INC,800 WASHINGTON ST,,BOSTON,MA,02111,6176365000,5,"ALEXANDRA SHERMAN, MD; BRETT DIAMOND, MD; JOHN MIGNANO, MD; MARK BONNEN, MD; MATTHEW KATZ, MD",5.0,yes (office billing),253.0,199.0,0.5597345132743363,,,,2025,9133010721,1215962287;1285893248;1336168822;1477519643;1619437340
ST. JOSEPH MEDICAL CENTER,210 SAINT JOSEPH DR,,BLOOMINGTON,IL,61701,3096635050,1,"KYLE STANG, MD",2.0,yes (office billing),251.0,0.0,1.0,,,,2025,8921901620,1750743134
ST. JOSEPH MEDICAL CENTER,2200 W WASHINGTON ST,,BLOOMINGTON,IL,61701,3096623311,1,"KYLE STANG, MD",2.0,yes (office billing),251.0,0.0,1.0,,,,2025,8921901620,1750743134
RADIATION ONCOLOGY PC,400 HADDON AVE,,COLLINGSWOOD,NJ,08108,8563422300,2,"GARY EASTWICK, MD; JOSEPH LOMBARDO, DO",14.0,yes (office billing),245.0,154.0,0.6140350877192983,,,,2025,6305747601,1801206776;1952795775
UNIVERSITY DERMATOLOGY CENTER PC,1473 E STATE RD,44 SUITE 1,CONNERSVILLE,IN,47331,7657476090,2,"ANN LOGAN, MD; JOHN MARVEL, MD",12.0,yes (office billing),240.0,87.0,0.7339449541284404,,,,2025,5496706210,1265432173;1437244597
UNIVERSITY DERMATOLOGY CENTER PC,830 SIM HODGIN PKWY,,RICHMOND,IN,47374,7657476090,2,"ANN LOGAN, MD; JOHN MARVEL, MD",12.0,yes (office billing),240.0,87.0,0.7339449541284404,,,,2025,5496706210,1265432173;1437244597
,2575 NORTHBROOKE PLAZA DR,UNIT 207,NAPLES,FL,34119,2392625168,1,"DEBRA FREEMAN, MD",,yes (office billing),240.0,0.0,1.0,,,,2025,,1346254125
"GREATER HOUSTON RADIATION ONCOLOGY, P.A.",112 MEDICAL PARK LN,,HUNTSVILLE,TX,77340,9362917900,2,"MARIA SOSA, MD; NIMI TUAMOKUMO, MD",4.0,yes (office billing),232.0,0.0,1.0,,,,2025,7416925938,1033141569;1427072610
"GREATER HOUSTON RADIATION ONCOLOGY, P.A.",1140 A CYPRESS STATION DR,,HOUSTON,TX,77090,2813777555,2,"MARIA SOSA, MD; NIMI TUAMOKUMO, MD",4.0,yes (office billing),232.0,0.0,1.0,,,,2025,7416925938,1033141569;1427072610
UNIVERSITY DERMATOLOGY CENTER PC,3500 W PURDUE AVE,,MUNCIE,IN,47304,7657476090206,1,"JOHN MARVEL, MD",12.0,yes (office billing),216.0,87.0,0.7128712871287128,,,,2025,5496706210,1265432173
,3700 W STATE ROUTE 89A,,SEDONA,AZ,86336,9282044160,1,"DAVID BEYER, MD",,yes (office billing),212.0,0.0,1.0,,,,2025,,1114992252
NORTHERN CALIFORNIA RADIATION THERAPISTS AND ONCOLOGISTS MEDICAL GROUP,2001 DWIGHT WAY,,BERKELEY,CA,94704,5102045311,1,"JAMES MITCHELL, MD",8.0,yes (office billing),210.0,0.0,1.0,,,,2025,9638124977,1700057569
CARRIS HEALTH LLC,301 BECKER AVE SW,,WILLMAR,MN,56201,3202354543,2,"CHRISTOPHER MILLER, MD; TOD SPEER, MD",40.0,yes (office billing),198.0,184.0,0.518324607329843,,,,2025,7012274228,1114201514;1245397231
,1910 ROYALTY DR,,POMONA,CA,91767,9098659890,1,"SRI GORTY, MD",,yes (office billing),198.0,0.0,1.0,,,,2026,,1952310054
CHAD SILA M D A PROFESSIONAL CORPORATION,1300 N VERMONT AVE,,LOS ANGELES,CA,90027,4244526068,1,"JOSEPH KANG, MD",6.0,yes (office billing),186.0,0.0,1.0,,,,2025,5991950966,1730354929
,103 TRISTA LN,,GLASGOW,KY,42141,2706512478,1,"WILLIAM TYREE, MD",,yes (office billing),182.0,0.0,1.0,,,,2025,,1205835683
,821 N COBB ST,STE100,MILLEDGEVILLE,GA,31061,4787764025,1,"HARVEY SIMPSON, MD",,yes (office billing),166.0,127.0,0.5665529010238908,,,,2025,,1730180159
SHARED MAGNETIC RESONANCE IMAGING FACILITY INC,3400 E RACINE ST,,JANESVILLE,WI,53546,6083738500,4,"CHARLES MATESKON, MD; EMILY MILITZER, MD; JONATHAN LUBIN, MD; RICHARD AUCHTER, MD",9.0,yes (office billing),160.0,131.0,0.5498281786941581,,,,2025,8921906256,1366404329;1639279763;1790244754;1962431007
ARIZONA ONCOLOGY ASSOCIATES PC,3188 N WINDSONG DR A,,PRESCOTT VALLEY,AZ,86314,9287759430,1,"IRENE TAW, MD",42.0,yes (office billing),157.0,0.0,1.0,,,,2025,9638067911,1891760294
ADAMS COUNTY CANCER CENTER LLC,285 MEDICAL CTR DR,,SEAMAN,OH,45679,9373860000,1,"PETER FRIED, MD",2.0,yes (office billing),153.0,0.0,1.0,,,,2025,3274618285,1851384671
,3401 SPRINGHILL DR,SUITE 130,NORTH LITTLE ROCK,AR,72117,5012142460,1,"SANTANU SAMANTA, MD",,yes (office billing),152.0,0.0,1.0,,,,2025,,1649764283
"COMPREHENSIVE RADIATION ONCOLOGY, LLC",4685 S CONGRESS AVE,,PALM SPRINGS,FL,33461,5615482662,2,"GEORGES HATOUM, MD; SILVIO GARCIA, MD",2.0,yes (office billing),143.0,0.0,1.0,,,,2025,4688913494,1821074030;1831298421
,1335 SLIGH BLVD,FL 3,ORLANDO,FL,32806,,2,"JUSTYN NAKASHIMA, DO; MERIEM MOKHTECH, MD",,yes (office billing),141.0,0.0,1.0,,,,2026,,1225617574;1245721646
,PO BOX,,NEW YORK,NY,10087,,2,"JUSTYN NAKASHIMA, DO; MERIEM MOKHTECH, MD",,yes (office billing),141.0,0.0,1.0,,,,2026,,1225617574;1245721646
"GREATER HOUSTON RADIATION ONCOLOGY, P.A.",11800 ASTORIA BLVD,,HOUSTON,TX,77089,2819294200,1,"NIMI TUAMOKUMO, MD",4.0,yes (office billing),135.0,0.0,1.0,,,,2026,7416925938,1033141569
MARSHALL MEDICAL CENTER SOUTH; MMC SPECIALTY CARE,11491 US HWY 431,,ALBERTVILLE,AL,35950,2568946750,1,"JAMES PAYNE, MD",9.0,yes (office billing),129.0,0.0,1.0,,,,2025,0749479848; 7911403670,1952342982
"CFHS SUB II, LLC",6700 LAKE NONA BLVD,LAKE NONA MEDICAL CENTER,ORLANDO,FL,32827,6892168000,1,"RAJ RAJPARA, MD",2.0,yes (office billing),128.0,0.0,1.0,,,,2025,6002205432,1255658548
FAITH REGIONAL HEALTH SERVICES,2700 W NORFOLK AVE,FAITH HEALTH,NORFOLK,NE,68701,4023714880,2,"RANDY SORUM, MD; RENA ZIMMERMAN, MD",19.0,yes (office billing),117.0,51.0,0.6964285714285714,,,,2025,8921902966,1720059181;1851350318
SAINT JOSEPH HEALTH SYSTEM INC,3470 BLAZER PKWY,SUITE 200,LEXINGTON,KY,40509,8592773737,1,"NICOLAS BURNETT, MD",37.0,yes (office billing),101.0,0.0,1.0,,,,2025,4183641400,1417342999
"POPLAR BLUFF HMA PHYSICIAN MANAGEMENT, LLC",2620 N WESTWOOD BLVD,,POPLAR BLUFF,MO,63901,5737272773,2,"JACOB LOCKE, MD; ROBERT MARCUS, MD",41.0,yes (office billing),97.0,0.0,1.0,,,,2025,5092769703,1023024189;1750303160
"POPLAR BLUFF HMA PHYSICIAN MANAGEMENT, LLC",3098 OAK GROVE RD,,POPLAR BLUFF,MO,63901,8554447276,2,"JACOB LOCKE, MD; ROBERT MARCUS, MD",41.0,yes (office billing),97.0,0.0,1.0,,,,2025,5092769703,1023024189;1750303160
,15 ALLIANCE ST,,NEW PHILADELPHIA,PA,17959,5702776218,1,"DAVID MOYLAN, MD",,yes (office billing),96.0,0.0,1.0,,,,2025,,1447245899
LAKE CITY CANCER CARE LLC,289 SW STONEGATE TER,SUITE 103,LAKE CITY,FL,32024,3867551655,1,"JOHN BERGIN, MD",8.0,yes (office billing),95.0,60.0,0.6129032258064516,,,,2025,7315250685,1073040382
SAINT JOSEPH HEALTH SYSTEM INC,165 LONDON MOUNTAIN VIEW DR,SUITE 1,LONDON,KY,40741,6068626120,1,"JEFFREY LONG, MD",37.0,yes (office billing),92.0,0.0,1.0,,,,2025,4183641400,1629177936
CLEAR CHOICE DERMATOLOGY,1609 S MAIN AVE,,WARRENTON,OR,97146,5413166575,2,"JEHAN YAHYA, MD; MATTHEW THURMAN, MD",47.0,yes (office billing),90.0,0.0,1.0,,,,2026,4789005034,1316385974;1871032847
CLEAR CHOICE DERMATOLOGY,123 C AVE,,LAKE OSWEGO,OR,97034,5413166575,1,"MATTHEW THURMAN, MD",47.0,yes (office billing),90.0,0.0,1.0,,,,2026,4789005034,1316385974
CLEAR CHOICE DERMATOLOGY,9951 MICKELBERRY RD NW,SUITE 201,SILVERDALE,WA,98383,5413166575,1,"MATTHEW THURMAN, MD",47.0,yes (office billing),90.0,0.0,1.0,,,,2026,4789005034,1316385974
,115 MCMILLEN DR,,NEWARK,OH,43055,7403443100,1,"EUGENE HONG, MD",,yes (office billing),83.0,0.0,1.0,,,,2025,,1811230600
TOME AND UBINAS RADIO ONCOLOGY CENTER,400 AVE FD ROOSEVELT,SUITE 109,SAN JUAN,PR,00918,7877645666236,3,"JAIME TOME VILA, MD; RUBEN CRUZ CHAMORRO, MD; WINSTON IMBERT DE ITURRONDO, MD",3.0,yes (office billing),80.0,0.0,1.0,,,,2025,6608958806,1255416301;1386729598;1740832062
HEELEX 2 LLC,12329 W BOLA DR,,SURPRISE,AZ,85378,6232707441,1,"TODD SCARBROUGH, MD",3.0,yes (office billing),73.0,0.0,1.0,,,,2026,1456876408,1194700625
PECOS VALLEY OF NEW MEXICO LLC,2410 W PIERCE ST,,CARLSBAD,NM,88220,5758850766,1,"RONDA FLECK, MD",33.0,yes (office billing),73.0,0.0,1.0,,,,2025,2466359781,1285639443
PECOS VALLEY OF NEW MEXICO LLC,2420 W PIERCE ST,,CARLSBAD,NM,88220,,1,"RONDA FLECK, MD",33.0,yes (office billing),73.0,0.0,1.0,,,,2025,2466359781,1285639443
PECOS VALLEY OF NEW MEXICO LLC,2428 W PIERCE ST,,CARLSBAD,NM,88220,5758870272,1,"RONDA FLECK, MD",33.0,yes (office billing),73.0,0.0,1.0,,,,2025,2466359781,1285639443
JSPHYMGMT PC,6450 KINGSTON PIKE,,KNOXVILLE,TN,37919,8659995988,1,"TODD SCARBROUGH, MD",3.0,yes (office billing),73.0,0.0,1.0,,,,2025,5991139818,1194700625
COMPREHENSIVE HEMATOLOGY ONCOLOGY LLC,1835 INDIAN ROCKS RD S,,LARGO,FL,33774,7273446569,1,"JOHN DAVID, MD",21.0,yes (office billing),70.0,0.0,1.0,,,,2026,5395084461,1538540117
"ALABAMA CANCER CARE, LLC",1608 GLENN BLVD SW,,FORT PAYNE,AL,35968,2565470536,1,"JUSTIN STEINMAN, DO",20.0,yes (office billing),67.0,0.0,1.0,,,,2025,1456477645,1811483985
"SOUTHEAST PHYSICIAN NETWORK, P.C.",171 CARRAWAY DR,,WINFIELD,AL,35594,2054874405,1,"JUSTIN STEINMAN, DO",46.0,yes (office billing),67.0,0.0,1.0,,,,2026,0840337721,1811483985
RADIATION ONCOLOGY PC,900 CENTENNIAL BLVD D,,VOORHEES,NJ,08043,8563256660,1,"ANTHONY DRAGUN, MD",14.0,yes (office billing),62.0,19.0,0.7654320987654321,,,,2025,6305747601,1710068036
MEADOWVIEW PHYSICIAN PRACTICE LLC,989 MEDICAL PARK DR,,MAYSVILLE,KY,41056,6067593585,1,"WAGIH SHEHATA, MD",26.0,yes (office billing),61.0,0.0,1.0,,,,2025,9032276274,1801866017
"FLUSHING RADIATION ONCOLOGY SERVICES, PLLC",1737 BATH AVE,,BROOKLYN,NY,11214,3475322888,3,"ISAIAH FRIEDMAN, MD; JAMES LEE, MD; MENG SHAO, MD",4.0,yes (office billing),57.0,0.0,1.0,,,,2025,9133265473,1407170319;1891051686;1952371064
,100 CHURCH ST,RM 800,NEW YORK,NY,10007,3477191051,1,"ISAIAH FRIEDMAN, MD",,yes (office billing),57.0,0.0,1.0,,,,2026,,1407170319
,490 N WASHINGTON AVE,SUITE 2,TITUSVILLE,FL,32796,3212686111,1,"ANA BOTERO, MD",,yes (office billing),53.0,30.0,0.6385542168674698,,,,2026,,1225034457
,450 N ROXBURY DR,SUITE 600,BEVERLY HILLS,CA,90210,3106512050,1,"ROBERT ZIMMERMAN, MD",,yes (office billing),47.0,0.0,1.0,,,,2025,,1679558811
OSU RADIATION ONCOLOGY LLC,1145 OLENTANGY RIVER RD,,COLUMBUS,OH,43212,6146887040,2,"KAIDI WANG, MD; SASHA BEYER, MD",47.0,yes (office billing),44.0,0.0,1.0,,,,2025,8123076023,1255892345;1568880730
,601 JOHN ST,,KALAMAZOO,MI,49007,,1,"ALLISON HAZY, MD",,yes (office billing),28.0,0.0,1.0,,,,2026,,1093370413
